address;opentime;endtime;phone
с. Минусинск, ул. Партизанская, д. 86, 950719;08:30:00;20:30:00;+7 291 003 3842
клх Чокурдах, ул. Клубная, д. 44, 318667;09:00:00;21:00:00;+7 756 441 0872
к. Белгород, ул. Высотная, д. 61, 131652;09:00:00;21:00:00;+7 918 731 79 50
г. Егорьевск, ул. Матросова, д. 93, 441256;08:00:00;20:00:00;8 (237) 914-80-50
клх Курск, ул. Выгонная, д. 10, 458946;08:30:00;20:30:00;8 886 952 47 51
к. Тикси, ул. Щорса, д. 43, 195091;08:00:00;20:00:00;+7 531 012 6849
г. Энгельс, ул. Ясная, д. 63, 332726;08:00:00;20:00:00;+7 (514) 838-1858
клх Астрахань, ул. Солнечная, д. 73, 857050;08:30:00;20:30:00;8 894 863 5206
с. Астрахань, ул. Интернациональная, д. 61, 348990;08:00:00;20:00:00;8 846 069 6494
д. Белорецк, ул. Октября, д. 30, 993786;08:30:00;20:30:00;+7 651 823 8220
клх Бологое, ул. Аэродромная, д. 92, 466603;08:00:00;20:00:00;8 (065) 385-37-65
д. Вуктыл, ул. Пограничная, д. 32, 357823;09:00:00;21:00:00;8 (943) 878-5070
г. Цимлянск, ул. Горького, д. 11, 649906;08:00:00;20:00:00;+7 (693) 360-48-36
с. Горячинск, ул. Стадионная, д. 40, 365662;08:30:00;20:30:00;+7 (467) 721-0411
г. Сусуман, ул. Гастелло, д. 62, 064767;08:00:00;20:00:00;8 (774) 136-09-81
к. Верхотурье, ул. 60 лет СССР, д. 81, 523509;08:30:00;20:30:00;+7 938 770 2317
ст. Егорьевск, ул. Блюхера, д. 07, 891299;08:00:00;20:00:00;85072245447
г. Ноглики, ул. Серова, д. 36, 299338;08:00:00;20:00:00;8 770 850 42 15
г. Новочеркасск, ул. Путейская, д. 74, 335246;09:00:00;21:00:00;8 704 005 55 03
п. Курчатов, ул. Большая, д. 02, 493197;08:30:00;20:30:00;80048837851
п. Белорецк, ул. Кубанская, д. 22, 606688;09:00:00;21:00:00;87697003620
ст. Поярково, ул. Таманская, д. 93, 497198;08:30:00;20:30:00;8 (422) 739-65-29
клх Магадан, ул. Привокзальная, д. 01, 708454;09:00:00;21:00:00;8 441 599 37 31
с. Териберка, ул. Лесхозная, д. 86, 284390;08:00:00;20:00:00;8 454 990 7536
с. Териберка, ул. Угольная, д. 67, 623368;08:00:00;20:00:00;+7 507 791 75 64
клх Елец, ул. Юбилейная, д. 72, 779605;08:30:00;20:30:00;+7 600 544 19 88
ст. Териберка, ул. Шахтерская, д. 57, 485241;09:00:00;21:00:00;+7 809 708 77 96
ст. Якша, ул. Красина, д. 88, 865204;09:00:00;21:00:00;+75225256258
с. Энгельс, ул. Парижской Коммуны, д. 90, 052112;09:00:00;21:00:00;82808812097
к. Бомнак, ул. Котовского, д. 24, 822167;08:00:00;20:00:00;+7 (283) 472-79-94
п. Кандалакша, ул. Энтузиастов, д. 94, 799153;09:00:00;21:00:00;+7 800 757 0833
п. Подольск, ул. Придорожная, д. 22, 257523;08:00:00;20:00:00;84515032637
г. Шереметьево, ул. Шевченко, д. 93, 104730;08:30:00;20:30:00;+7 987 248 34 44
клх Шаховская, ул. Казанская, д. 13, 552057;08:00:00;20:00:00;8 413 806 76 93
г. Мыс Шмидта, ул. Чайкиной, д. 88, 364320;08:30:00;20:30:00;+79027429732
с. Черняховск, ул. Студенческая, д. 72, 043476;08:00:00;20:00:00;+73705978828
с. Туруханск, ул. Песчаная, д. 27, 057156;09:00:00;21:00:00;8 (230) 973-1358
д. Махачкала, ул. Белинского, д. 23, 585868;08:00:00;20:00:00;+7 374 746 1865
д. Воткинск, ул. Парковая, д. 42, 721665;09:00:00;21:00:00;8 (818) 464-8637
клх Магас, ул. Победы, д. 29, 006991;09:00:00;21:00:00;8 496 901 90 76
клх Дубна, ул. Орловская, д. 21, 670247;08:30:00;20:30:00;82645742209
г. Серов, ул. Широкая, д. 83, 567597;09:00:00;21:00:00;8 (432) 795-54-99
клх Тула, ул. Воронежская, д. 98, 399635;08:30:00;20:30:00;+7 750 079 54 09
д. Далматово, ул. Клубная, д. 02, 114370;08:30:00;20:30:00;8 713 576 58 47
г. Екатеринбург, ул. Октябрьская, д. 40, 356017;09:00:00;21:00:00;+7 (836) 306-6845
п. Долинск, ул. Курганная, д. 54, 862093;08:00:00;20:00:00;8 (415) 238-91-21
п. Ярославль, ул. Достоевского, д. 80, 109900;08:00:00;20:00:00;+78826586976
с. Минусинск, ул. 8 Марта, д. 81, 313941;08:30:00;20:30:00;8 266 864 5151
с. Можга, ул. Пионерская, д. 23, 530978;09:00:00;21:00:00;8 669 164 7295
с. Чайковский, ул. Братская, д. 12, 051532;08:00:00;20:00:00;8 (942) 190-28-92
ст. Галич, ул. Дарвина, д. 00, 277287;09:00:00;21:00:00;+7 (117) 719-80-20
д. Саянск, ул. Фрунзе, д. 35, 836524;09:00:00;21:00:00;8 749 952 18 74
п. Черкесск, ул. Некрасова, д. 27, 965881;08:00:00;20:00:00;8 616 212 5345
с. Агата, ул. Байкальская, д. 50, 139751;08:30:00;20:30:00;+7 124 900 74 87
ст. Курганинск, ул. О.Кошевого, д. 40, 064775;08:00:00;20:00:00;8 731 569 5082
п. Нарткала, ул. Механическая, д. 60, 385453;09:00:00;21:00:00;+7 721 642 42 20
к. Бавлы, ул. Коминтерна, д. 44, 485811;08:30:00;20:30:00;+79280499333
ст. Кириши, ул. Дальневосточная, д. 11, 359006;08:30:00;20:30:00;+78869801408
к. Верещагино (Перм.), ул. Коммунаров, д. 78, 650371;08:00:00;20:00:00;8 (176) 109-23-36
ст. Красногорск (Моск.), ул. Карьерная, д. 64, 522435;08:00:00;20:00:00;8 320 682 65 22
ст. Лесной (Сверд.), ул. Тракторная, д. 33, 886222;09:00:00;21:00:00;8 (208) 640-3221
п. Вытегра, ул. Иванова, д. 61, 874973;08:00:00;20:00:00;+77186396090
п. Тула, ул. Харьковская, д. 17, 110794;08:00:00;20:00:00;8 285 542 2381
клх Валдай, ул. Светлая, д. 42, 474432;09:00:00;21:00:00;+7 (501) 197-7736
клх Геленджик, ул. Чернышевского, д. 52, 036278;09:00:00;21:00:00;+76215512565
клх Тихвин, ул. Тимирязева, д. 08, 743288;08:30:00;20:30:00;8 251 043 24 79
к. Усть-Кут, ул. Береговая, д. 37, 518764;09:00:00;21:00:00;87217310670
к. Партизанск, ул. Нахимова, д. 78, 588193;08:00:00;20:00:00;8 (112) 822-04-86
клх Энгельс, ул. Макаренко, д. 82, 475211;09:00:00;21:00:00;8 (349) 619-4163
клх Переславль-Залесский, ул. Флотская, д. 71, 348796;08:30:00;20:30:00;+7 167 331 9880
к. Уссурийск, ул. Серафимовича, д. 08, 728014;08:00:00;20:00:00;+7 (819) 633-9467
с. Хужир, ул. Волжская, д. 09, 473154;08:00:00;20:00:00;+7 228 200 01 75
ст. Малгобек, ул. Энергетическая, д. 00, 995038;08:30:00;20:30:00;8 (363) 190-96-88
д. Терней, ул. Терешковой, д. 32, 051171;08:30:00;20:30:00;+73249769519
д. Ишим, ул. Снежная, д. 64, 014024;08:30:00;20:30:00;8 (299) 361-6261
г. Палана, ул. Микрорайон, д. 89, 148570;09:00:00;21:00:00;+7 300 951 5742
клх Плес, ул. Розы Люксембург, д. 45, 711617;09:00:00;21:00:00;8 254 228 81 04
д. Новая Игирма, ул. Сплавная, д. 02, 594018;08:30:00;20:30:00;+7 036 594 8846
с. Североуральск, ул. Азина, д. 74, 976082;08:00:00;20:00:00;+7 378 577 62 53
с. Шереметьево, ул. Родниковая, д. 49, 726967;08:00:00;20:00:00;+70311906947
п. Заводоуковск, ул. Революционная, д. 23, 248247;08:00:00;20:00:00;8 (494) 952-94-45
п. Сургут (Хант.), ул. Балтийская, д. 08, 837541;08:30:00;20:30:00;+7 (187) 170-8233
с. Пинега, ул. Полевая, д. 48, 165254;08:00:00;20:00:00;8 914 952 08 79
ст. Петухово, ул. Толстого, д. 25, 847462;08:00:00;20:00:00;8 114 129 1478
к. Каргасок, ул. Пушкинская, д. 90, 944910;09:00:00;21:00:00;+7 076 060 1700
к. Хужир, ул. Коммунаров, д. 95, 026825;08:00:00;20:00:00;+7 179 384 5938
к. Тотьма, ул. Крупской, д. 58, 615724;08:00:00;20:00:00;+7 637 638 2625
клх Адыгейск, ул. Октября, д. 83, 095451;08:00:00;20:00:00;8 (259) 932-2263
к. Биробиджан, ул. Фурманова, д. 46, 623790;08:00:00;20:00:00;+7 452 159 2445
д. Приморско-Ахтарск, ул. Восьмого Марта, д. 80, 868409;08:30:00;20:30:00;+7 730 398 79 12
п. Волгодонск, ул. Лермонтова, д. 19, 838413;08:30:00;20:30:00;8 838 505 47 18
г. Мурманск, ул. Киевская, д. 31, 196791;08:00:00;20:00:00;8 (189) 835-78-81
п. Воронеж, ул. 60 лет СССР, д. 94, 926212;08:30:00;20:30:00;82124734650
г. Бреды, ул. Базарная, д. 19, 576460;09:00:00;21:00:00;+7 319 029 0235
к. Суздаль, ул. Иванова, д. 00, 798192;08:30:00;20:30:00;83001952466
с. Магнитогорск, ул. Малиновая, д. 86, 040162;08:00:00;20:00:00;8 (952) 198-8078
п. Сарапул, ул. Механическая, д. 35, 135513;09:00:00;21:00:00;+7 729 075 8766
ст. Киржач, ул. Зои Космодемьянской, д. 77, 071127;08:00:00;20:00:00;8 (298) 750-15-73
с. Мокшан, ул. Родниковая, д. 50, 546803;09:00:00;21:00:00;8 (189) 405-6417
п. Терскол, ул. Ударная, д. 24, 095323;09:00:00;21:00:00;+7 (490) 563-22-17
ст. Старый Оскол, ул. Монтажников, д. 47, 543325;09:00:00;21:00:00;8 114 282 16 69
ст. Вологда, ул. Покровская, д. 98, 420701;08:30:00;20:30:00;+7 (221) 080-92-69
клх Иваново, ул. Заливная, д. 26, 879292;08:00:00;20:00:00;+7 067 692 20 01
к. Ведено, ул. Тульская, д. 75, 795149;08:30:00;20:30:00;+7 280 969 4809
д. Кировск (Ленин.), ул. Революционная, д. 63, 989343;08:30:00;20:30:00;8 003 282 8353
г. Волхов, ул. Спартака, д. 58, 792434;08:00:00;20:00:00;8 666 765 8332
ст. Хасавюрт, ул. Озерная, д. 56, 915505;08:30:00;20:30:00;84013752993
п. Каменномостский, ул. Подстанция, д. 60, 503992;08:00:00;20:00:00;+7 (430) 952-3094
п. Волоколамск, ул. Семашко, д. 56, 308674;08:00:00;20:00:00;+79521060419
д. Сортавала, ул. Каштановая, д. 15, 926913;09:00:00;21:00:00;8 779 158 25 69
п. Чокурдах, ул. Надежды, д. 35, 430569;09:00:00;21:00:00;+7 039 716 1547
п. Поярково, ул. Московская, д. 58, 445296;08:00:00;20:00:00;8 029 923 72 27
г. Соль-Илецк, ул. Тельмана, д. 07, 430412;08:00:00;20:00:00;+78278325815
клх Ульяновск, ул. Поперечная, д. 79, 242150;08:00:00;20:00:00;8 (140) 263-77-06
г. Новосибирск, ул. Надежды, д. 12, 615015;08:30:00;20:30:00;88882607415
г. Салават, ул. Жданова, д. 10, 007450;08:30:00;20:30:00;8 (391) 034-4968
к. Рыбинск, ул. Р.Люксембург, д. 93, 631351;08:30:00;20:30:00;82296372982
г. Майкоп, ул. К.Маркса, д. 69, 438250;08:00:00;20:00:00;+7 906 511 33 04
п. Салехард, ул. Дружбы, д. 52, 090392;08:00:00;20:00:00;8 018 362 11 12
к. Сортавала, ул. Буденного, д. 52, 698840;08:30:00;20:30:00;+7 469 643 60 94
ст. Троицк (Моск.), ул. Энергетиков, д. 53, 372957;09:00:00;21:00:00;+79989784159
п. Пенза, ул. Дружба, д. 29, 022084;08:30:00;20:30:00;+7 (523) 431-4054
г. Джейрах, ул. Ветеранов, д. 06, 940328;09:00:00;21:00:00;+7 831 163 57 37
п. Нарткала, ул. Учительская, д. 84, 379636;08:30:00;20:30:00;8 186 456 6709
г. Кашхатау, ул. Крестьянская, д. 26, 833248;08:30:00;20:30:00;8 (372) 391-8456
г. Октябрьский (Башк.), ул. Угольная, д. 67, 934634;08:00:00;20:00:00;+7 181 007 93 88
ст. Губкин, ул. Весенняя, д. 33, 257889;08:00:00;20:00:00;+7 (435) 204-3715
с. Балашов, ул. Краснодарская, д. 79, 852891;08:30:00;20:30:00;8 (670) 892-52-89
с. Теберда, ул. Машиностроителей, д. 06, 352573;08:30:00;20:30:00;8 422 209 34 46
г. Ставрополь, ул. Энтузиастов, д. 29, 137795;09:00:00;21:00:00;+7 062 803 7777
ст. Тихвин, ул. Ленинская, д. 58, 732731;09:00:00;21:00:00;8 205 495 07 37
д. Ачинск, ул. Рыбацкая, д. 56, 284467;09:00:00;21:00:00;+77820396592
ст. Дивногорск, ул. Харьковская, д. 67, 783229;08:30:00;20:30:00;8 609 643 8116
с. Калачинск, ул. Полярная, д. 21, 416039;08:00:00;20:00:00;8 773 096 23 79
г. Тавда, ул. Комарова, д. 54, 924678;08:00:00;20:00:00;+78902153454
к. Ноглики, ул. Минская, д. 91, 161015;08:30:00;20:30:00;+7 (300) 071-85-44
ст. Шарья, ул. Киевская, д. 29, 145250;09:00:00;21:00:00;+7 196 481 8490
ст. Шали, ул. Магистральная, д. 15, 737983;08:00:00;20:00:00;88405574951
с. Губаха, ул. Ленская, д. 87, 830724;08:30:00;20:30:00;8 (028) 902-87-49
д. Курск, ул. Свободная, д. 56, 213682;08:00:00;20:00:00;8 (474) 343-2727
клх Улан-Удэ, ул. Казанская, д. 09, 162395;09:00:00;21:00:00;+7 (092) 081-85-01
клх Выборг, ул. Физкультурная, д. 53, 156734;08:00:00;20:00:00;+7 (733) 755-5156
клх Тамбов, ул. Одесская, д. 18, 233938;09:00:00;21:00:00;8 017 315 49 13
к. Тайшет, ул. Волжская, д. 52, 663217;09:00:00;21:00:00;+7 204 933 0148
к. Кировск (Ленин.), ул. Ватутина, д. 90, 564586;09:00:00;21:00:00;8 205 714 81 94
г. Шарья, ул. Беляева, д. 98, 304292;09:00:00;21:00:00;8 097 823 05 67
с. Калач-на-Дону, ул. Мелиораторов, д. 60, 455167;08:00:00;20:00:00;8 (654) 440-5109
клх Катав-Ивановск, ул. Путевая, д. 34, 042895;09:00:00;21:00:00;8 (591) 162-81-53
п. Каргасок, ул. Средняя, д. 08, 577477;09:00:00;21:00:00;8 112 892 69 41
к. Оймякон, ул. Циолковского, д. 12, 013647;09:00:00;21:00:00;80591152481
г. Лотошино, ул. Терешковой, д. 00, 645972;08:00:00;20:00:00;+7 (957) 036-6963
клх Сыктывкар, ул. Сахалинская, д. 77, 718681;08:00:00;20:00:00;+7 (907) 423-2646
г. Грозный, ул. Ручейная, д. 27, 584218;09:00:00;21:00:00;+75536287863
г. Тамбей, ул. Звездная, д. 07, 019394;08:00:00;20:00:00;+7 188 017 5070
г. Дербент, ул. Володарского, д. 15, 338087;08:30:00;20:30:00;+7 126 830 31 36
п. Октябрьское (Хант.), ул. Бабушкина, д. 98, 094890;08:30:00;20:30:00;+7 (257) 102-0119
г. Кизел, ул. Северная, д. 99, 439599;08:00:00;20:00:00;+7 (698) 569-7639
г. Шатой, ул. Индустриальная, д. 97, 906129;08:30:00;20:30:00;8 663 987 54 27
ст. Кропоткин (Краснод.), ул. Севастопольская, д. 56, 772743;08:30:00;20:30:00;8 (133) 603-6370
с. Данков, ул. Рябиновая, д. 27, 717737;08:30:00;20:30:00;80358845440
п. Тамбов, ул. Алтайская, д. 86, 481883;08:00:00;20:00:00;8 251 586 66 26
с. Можга, ул. Рылеева, д. 00, 336228;08:30:00;20:30:00;+7 (410) 425-9521
д. Троицко-Печорск, ул. Партизанская, д. 85, 884374;08:00:00;20:00:00;+7 816 327 5610
клх Октябрьский (Башк.), ул. Дзержинского, д. 84, 027237;08:00:00;20:00:00;8 (187) 925-1692
клх Тула, ул. Дорожная, д. 79, 492986;08:00:00;20:00:00;8 728 575 3390
с. Междуреченский, ул. Театральная, д. 09, 514189;09:00:00;21:00:00;+7 (908) 106-96-65
д. Кош-Агач, ул. Октября, д. 51, 558310;08:30:00;20:30:00;8 247 509 24 31
клх Дно, ул. Революции, д. 54, 293040;08:00:00;20:00:00;8 371 482 19 30
с. Щелково, ул. Зеленая, д. 07, 810160;08:00:00;20:00:00;87968818933
ст. Минеральные Воды, ул. Шахтерская, д. 43, 158983;09:00:00;21:00:00;8 (835) 475-11-92
д. Касимов, ул. Ивановская, д. 46, 791398;08:00:00;20:00:00;+7 (385) 071-1143
д. Хабаровск, ул. Прохладная, д. 49, 870771;08:00:00;20:00:00;+7 (885) 771-26-36
с. Ногинск (Моск.), ул. Гоголя, д. 22, 566259;08:00:00;20:00:00;8 (169) 002-2835
д. Пермь, ул. Павлова, д. 61, 735579;08:00:00;20:00:00;+7 055 990 19 46
г. Холмск, ул. Родниковая, д. 83, 324915;08:30:00;20:30:00;+7 661 199 73 97
г. Асбест, ул. Бригадная, д. 97, 247975;09:00:00;21:00:00;+7 (859) 783-88-14
клх Тихвин, ул. Никитина, д. 07, 514782;08:30:00;20:30:00;8 (060) 351-4441
п. Оха, ул. Дачная, д. 81, 990859;09:00:00;21:00:00;+7 (202) 103-34-79
клх Охотск, ул. Шоссейная, д. 51, 485113;08:00:00;20:00:00;8 599 994 2697
клх Нижний Тагил, ул. Революции, д. 22, 981764;08:30:00;20:30:00;8 (225) 455-3526
ст. Листвянка (Иркут.), ул. Томская, д. 85, 170179;08:00:00;20:00:00;+7 957 615 2718
г. Кашхатау, ул. Поселковая, д. 40, 425906;09:00:00;21:00:00;+7 997 757 74 96
клх Каргасок, ул. Максима Горького, д. 26, 302663;09:00:00;21:00:00;8 (978) 471-5076
к. Тольятти, ул. Пролетарская, д. 58, 434130;08:30:00;20:30:00;8 (802) 419-0781
к. Усолье Сибирское, ул. Луговая, д. 51, 004916;08:00:00;20:00:00;+7 911 131 27 99
д. Аша, ул. Островского, д. 89, 083191;08:00:00;20:00:00;8 249 648 6124
с. Кырен, ул. Тургенева, д. 16, 154056;08:00:00;20:00:00;8 (072) 891-8630
п. Кырен, ул. Коллективная, д. 97, 970433;08:30:00;20:30:00;+7 577 687 56 41
г. Гатчина, ул. Березовая, д. 67, 725200;08:00:00;20:00:00;83877002307
п. Мценск, ул. 60 лет Октября, д. 79, 229762;08:30:00;20:30:00;86363036503
с. Неплюевка, ул. Гайдара, д. 23, 621044;09:00:00;21:00:00;8 721 785 1018
ст. Урай, ул. Союзная, д. 45, 348658;09:00:00;21:00:00;+72427801888
г. Волгоград, ул. Профсоюзная, д. 58, 443433;08:00:00;20:00:00;+7 074 779 54 87
д. Льгов, ул. Красных Партизан, д. 65, 957018;08:00:00;20:00:00;+74058273334
ст. Орел, ул. Чайкиной, д. 14, 136482;09:00:00;21:00:00;+7 537 618 2409
д. Чулым, ул. Воронежская, д. 34, 759984;09:00:00;21:00:00;+7 (502) 230-8287
ст. Инта, ул. Петровская, д. 22, 802671;08:30:00;20:30:00;8 (712) 643-28-30
с. Бомнак, ул. Набережная, д. 34, 923367;08:30:00;20:30:00;8 (652) 329-0863
г. Катайск, ул. Западная, д. 03, 578954;09:00:00;21:00:00;+7 623 983 5478
с. Сковородино, ул. Ключевая, д. 07, 367920;08:30:00;20:30:00;+7 832 743 06 17
ст. Владикавказ, ул. Производственная, д. 28, 754091;09:00:00;21:00:00;+7 (139) 089-78-30
ст. Гудермес, ул. Степана Разина, д. 30, 391585;09:00:00;21:00:00;80197904258
п. Казань, ул. Угольная, д. 88, 987224;08:30:00;20:30:00;8 (933) 384-99-78
клх Тымовское, ул. Высотная, д. 14, 448792;08:00:00;20:00:00;81258736086
с. Новомосковск, ул. Сиреневая, д. 86, 407838;08:00:00;20:00:00;+7 (740) 728-0821
г. Чехов, ул. Крайняя, д. 75, 217949;08:30:00;20:30:00;8 (871) 403-88-34
ст. Кулунда, ул. Центральная, д. 59, 312921;08:00:00;20:00:00;+7 (847) 069-33-26
г. Завьялиха, ул. Нахимова, д. 71, 303158;09:00:00;21:00:00;+7 578 988 6637
ст. Кировск (Ленин.), ул. Трактовая, д. 43, 160660;09:00:00;21:00:00;8 (108) 760-83-89
с. Усть-Камчатск, ул. Циолковского, д. 74, 608166;09:00:00;21:00:00;8 200 925 5936
к. Южно-Сахалинск, ул. Сиреневая, д. 31, 546474;09:00:00;21:00:00;83740936151
ст. Котлас, ул. Строителей, д. 58, 774594;09:00:00;21:00:00;+7 (429) 279-47-24
к. Когалым, ул. 70 лет Октября, д. 76, 878474;08:00:00;20:00:00;+7 (954) 275-98-75
г. Кашхатау, ул. Дружбы, д. 80, 497991;09:00:00;21:00:00;+7 840 970 48 83
г. Гаврилов-Ям, ул. Тупиковая, д. 75, 195556;08:00:00;20:00:00;89064446353
п. Курильск, ул. Хвойная, д. 93, 153944;09:00:00;21:00:00;+7 (708) 627-0845
с. Киров (Вятка), ул. Кошевого, д. 90, 414921;08:30:00;20:30:00;8 536 374 0481
ст. Дербент, ул. Фабричная, д. 79, 649826;08:00:00;20:00:00;8 (934) 291-09-95
г. Самара, ул. Радужная, д. 05, 201931;08:30:00;20:30:00;8 054 349 84 41
п. Долинск, ул. Тополиная, д. 30, 013108;08:00:00;20:00:00;8 (957) 546-1124
г. Кандалакша, ул. Снежная, д. 20, 122778;08:30:00;20:30:00;8 594 878 9766
клх Хоста, ул. Астраханская, д. 26, 726519;09:00:00;21:00:00;8 (242) 457-5194
к. Усть-Катав, ул. Владимирская, д. 38, 579982;08:00:00;20:00:00;8 (268) 093-75-27
г. Курумкан, ул. Чайковского, д. 89, 287358;08:30:00;20:30:00;8 864 159 83 59
п. Вязьма, ул. Овражная, д. 30, 551903;08:30:00;20:30:00;+7 797 965 85 51
г. Снежногорск (Мурм.), ул. Юбилейная, д. 29, 018062;08:00:00;20:00:00;8 (520) 157-5957
д. Ямбург, ул. Попова, д. 50, 126185;09:00:00;21:00:00;81415048163
ст. Невинномысск, ул. Урицкого, д. 69, 606117;08:30:00;20:30:00;+76780386442
д. Обоянь, ул. Крылова, д. 05, 270926;09:00:00;21:00:00;8 (377) 190-08-24
к. Можайск, ул. Кузнецова, д. 10, 046115;09:00:00;21:00:00;8 (842) 001-1722
п. Ульяновск, ул. Седова, д. 84, 218064;09:00:00;21:00:00;+79712676336
п. Северо-Курильск, ул. Металлургов, д. 43, 189811;08:00:00;20:00:00;+7 299 098 25 79
с. Сухиничи, ул. Котовского, д. 11, 362489;08:30:00;20:30:00;+7 (413) 557-79-18
клх Шатой, ул. Февральская, д. 48, 165335;08:30:00;20:30:00;+78160937476
п. Серафимович, ул. Путейская, д. 50, 052662;09:00:00;21:00:00;+7 370 836 74 05
к. Нефтегорск (Самар.), ул. 40 лет Октября, д. 73, 283665;08:00:00;20:00:00;8 (688) 255-19-36
д. Аршан (Бурят.), ул. Ленинградская, д. 72, 326784;08:30:00;20:30:00;8 089 753 1016
с. Красная Поляна, ул. Высоцкого, д. 82, 169287;09:00:00;21:00:00;+7 (670) 668-71-20
п. Новый Оскол, ул. Алтайская, д. 74, 870999;09:00:00;21:00:00;88651336636
ст. Луховицы, ул. Станционная, д. 02, 648996;08:00:00;20:00:00;8 (863) 109-3426
ст. Кыштым, ул. Энгельса, д. 31, 981827;08:00:00;20:00:00;8 445 399 8002
д. Шадринск, ул. Халтурина, д. 46, 969225;09:00:00;21:00:00;8 (395) 714-44-07
п. Карабулак, ул. Ростовская, д. 15, 009832;08:00:00;20:00:00;8 (883) 495-2582
п. Минеральные Воды, ул. Новгородская, д. 07, 640014;08:30:00;20:30:00;+74749412155
клх Троицк (Моск.), ул. Орловская, д. 58, 006176;09:00:00;21:00:00;8 (343) 684-0801
д. Новый Уренгой, ул. Дружба, д. 15, 285679;08:00:00;20:00:00;8 699 723 46 77
с. Нягань, ул. Серафимовича, д. 93, 815013;08:00:00;20:00:00;+7 (126) 985-57-15
д. Ербогачен, ул. Журавлева, д. 42, 735480;08:00:00;20:00:00;+7 (834) 743-2749
г. Кулу, ул. Щербакова, д. 51, 132032;08:30:00;20:30:00;+7 902 778 5258
ст. Бирск, ул. Зеленая, д. 97, 918955;09:00:00;21:00:00;+7 (561) 474-75-56
ст. Ессентуки, ул. Бабушкина, д. 04, 489506;08:00:00;20:00:00;8 880 321 34 08
клх Соль-Илецк, ул. Черняховского, д. 94, 462232;08:30:00;20:30:00;+73931094912
п. Славянск-на-Кубани, ул. Астраханская, д. 86, 949055;09:00:00;21:00:00;8 (080) 146-7747
ст. Курган, ул. Колхозная, д. 98, 089611;08:00:00;20:00:00;8 179 861 0426
п. Северо-Курильск, ул. Морозова, д. 59, 644574;08:00:00;20:00:00;+7 (355) 072-1228
д. Чокурдах, ул. Плеханова, д. 03, 779630;08:00:00;20:00:00;+70811551307
с. Кандалакша, ул. Мирная, д. 42, 405044;08:30:00;20:30:00;+7 (014) 500-1759
с. Астрахань, ул. Гвардейская, д. 23, 565347;09:00:00;21:00:00;+7 037 543 8865
п. Сунтар, ул. Лесхозная, д. 35, 011267;08:00:00;20:00:00;+7 (153) 152-85-52
д. Подольск, ул. Огородная, д. 51, 266974;08:30:00;20:30:00;87846443481
д. Аршан (Бурят.), ул. Л.Толстого, д. 50, 931150;09:00:00;21:00:00;8 133 209 5003
д. Раменское, ул. Базарная, д. 62, 046660;08:00:00;20:00:00;8 (718) 431-05-25
с. Дербент, ул. Камская, д. 42, 890672;08:30:00;20:30:00;81561541977
к. Карачаевск, ул. Гончарова, д. 74, 384182;09:00:00;21:00:00;+7 (309) 676-0724
п. Челябинск, ул. ДОС, д. 93, 529205;08:00:00;20:00:00;+7 (909) 074-5876
д. Ханты-Мансийск, ул. Транспортная, д. 04, 816946;09:00:00;21:00:00;+7 (336) 988-5492
ст. Ангарск, ул. Марта 8, д. 22, 924678;08:00:00;20:00:00;8 (931) 998-6898
п. Нязепетровск, ул. Суворова, д. 39, 093051;08:00:00;20:00:00;+7 635 372 76 63
д. Мытищи, ул. Спортивная, д. 42, 070332;08:00:00;20:00:00;8 718 223 4218
с. Александров, ул. Боровая, д. 66, 772059;09:00:00;21:00:00;+7 555 990 7593
с. Красноуфимск, ул. Жданова, д. 44, 769154;09:00:00;21:00:00;+7 431 178 7755
к. Курск, ул. Зои Космодемьянской, д. 39, 476924;09:00:00;21:00:00;8 (667) 025-7908
ст. Юрьев-Польский, ул. Фурманова, д. 85, 109758;08:00:00;20:00:00;+7 (357) 918-6098
п. Беломорск, ул. Раздольная, д. 54, 121595;08:30:00;20:30:00;8 (186) 976-6687
клх Петрозаводск, ул. Севастопольская, д. 85, 693627;08:30:00;20:30:00;8 325 066 3484
клх Армавир, ул. Свердлова, д. 44, 475072;08:00:00;20:00:00;8 132 633 26 49
клх Зарайск, ул. Запорожская, д. 21, 921860;09:00:00;21:00:00;86446197746
ст. Ростов-на-Дону, ул. Придорожная, д. 57, 383561;08:30:00;20:30:00;+7 619 900 2360
д. Асбест, ул. Бабушкина, д. 47, 073377;08:30:00;20:30:00;+7 209 756 78 24
ст. Новгород Великий, ул. Ягодная, д. 71, 639618;08:30:00;20:30:00;8 (308) 298-7483
ст. Долинск, ул. Победа, д. 81, 704147;09:00:00;21:00:00;+79875163529
с. Апшеронск, ул. Трактовая, д. 33, 851565;09:00:00;21:00:00;8 784 057 06 92
п. Ялуторовск, ул. Авиационная, д. 23, 328511;09:00:00;21:00:00;8 411 684 62 51
к. Горно-Алтайск, ул. Веселая, д. 48, 800111;08:30:00;20:30:00;+7 465 735 33 14
клх Моздок, ул. Пирогова, д. 73, 166541;09:00:00;21:00:00;+7 883 457 76 23
д. Вологда, ул. Деповская, д. 61, 735554;08:00:00;20:00:00;8 252 752 08 83
к. Юрюзань, ул. Красногвардейская, д. 05, 234309;08:00:00;20:00:00;8 (358) 765-7484
к. Тосно, ул. Прибрежная, д. 81, 875612;08:00:00;20:00:00;8 (145) 640-7347
к. Игнашино, ул. Гаражная, д. 20, 855406;08:00:00;20:00:00;+7 048 335 6657
д. Любань, ул. Сосновая, д. 46, 062092;08:30:00;20:30:00;+7 (526) 456-21-95
г. Кириши, ул. Сиреневая, д. 18, 511198;09:00:00;21:00:00;8 209 622 82 14
ст. Серебряные Пруды, ул. Зеленая, д. 04, 865248;08:00:00;20:00:00;+7 790 695 4350
п. Печора, ул. Жуковского, д. 14, 208376;09:00:00;21:00:00;+7 394 646 47 85
к. Лянтор, ул. Карьерная, д. 37, 236737;08:30:00;20:30:00;8 633 823 7914
г. Ведено, ул. Рязанская, д. 25, 526370;08:30:00;20:30:00;8 (127) 134-42-51
ст. Шелехов, ул. Щорса, д. 19, 596755;08:00:00;20:00:00;8 916 709 74 68
ст. Игнашино, ул. Совхозная, д. 78, 073712;09:00:00;21:00:00;+7 907 356 61 52
клх Оймякон, ул. Ворошилова, д. 84, 586750;08:00:00;20:00:00;8 (044) 721-3887
клх Кущевская, ул. Железнодорожная, д. 16, 396169;09:00:00;21:00:00;+7 (397) 670-23-62
с. Новороссийка, ул. Победа, д. 10, 710384;09:00:00;21:00:00;+7 (233) 161-5815
д. Шахты, ул. Тополиная, д. 93, 210749;09:00:00;21:00:00;+7 728 538 09 62
с. Слюдянка, ул. Мостовая, д. 61, 582134;09:00:00;21:00:00;8 (742) 620-7877
п. Чокурдах, ул. Большевистская, д. 76, 158045;09:00:00;21:00:00;8 673 017 7135
д. Устюжна, ул. Водопроводная, д. 56, 540174;08:00:00;20:00:00;+75585194938
клх Токсово, ул. Жукова, д. 38, 652579;08:00:00;20:00:00;+7 524 421 3662
д. Серпухов, ул. Пушкинская, д. 41, 354721;08:30:00;20:30:00;+74736136882
ст. Одинцово, ул. 70 лет Октября, д. 02, 950896;08:00:00;20:00:00;+7 041 982 96 89
г. Шелехов, ул. Казанская, д. 26, 109879;08:00:00;20:00:00;+7 345 557 2170
к. Коломна, ул. Производственная, д. 26, 699466;08:30:00;20:30:00;+7 (032) 076-3294
клх Карачаевск, ул. Майская, д. 60, 751209;09:00:00;21:00:00;87817499827
ст. Сладково, ул. Ленская, д. 50, 605520;09:00:00;21:00:00;+7 (032) 564-5259
п. Дербент, ул. Красноармейская, д. 15, 367272;09:00:00;21:00:00;+7 (548) 134-94-24
п. Мирный, ул. Вольная, д. 76, 628249;08:30:00;20:30:00;8 445 355 0544
г. Яшалта, ул. Хуторская, д. 95, 392231;08:30:00;20:30:00;+7 723 422 8082
ст. Забайкальск, ул. Одесская, д. 63, 473628;08:00:00;20:00:00;+7 134 268 8447
клх Тутаев, ул. Логовая, д. 69, 534632;09:00:00;21:00:00;+77842669693
ст. Воткинск, ул. Свободная, д. 33, 100849;08:30:00;20:30:00;+7 471 891 4857
п. Юрюзань, ул. Крылова, д. 21, 927404;08:30:00;20:30:00;+7 (845) 367-63-63
г. Чебаркуль, ул. Клубная, д. 61, 938758;08:00:00;20:00:00;8 (529) 743-26-92
п. Медногорск, ул. Цветочная, д. 41, 550065;08:00:00;20:00:00;8 599 677 89 40
ст. Старый Оскол, ул. Московская, д. 01, 951097;08:30:00;20:30:00;8 822 796 37 77
п. Кисловодск, ул. Тепличная, д. 94, 601484;08:30:00;20:30:00;80668419368
ст. Камышин, ул. Южная, д. 66, 215858;09:00:00;21:00:00;+7 (514) 170-1034
ст. Чегем, ул. Прудная, д. 34, 254660;08:00:00;20:00:00;+7 843 955 98 72
д. Ельня, ул. Олимпийская, д. 19, 007431;08:00:00;20:00:00;+7 718 348 33 56
ст. Белоярский, ул. Минина, д. 06, 791690;09:00:00;21:00:00;8 605 592 18 79
ст. Усть-Кулом, ул. Лесозаводская, д. 48, 134448;09:00:00;21:00:00;89869915746
ст. Ребриха, ул. Заозерная, д. 34, 163256;09:00:00;21:00:00;8 (908) 762-1383
с. Армавир, ул. Заовражная, д. 81, 276748;09:00:00;21:00:00;+7 (148) 881-03-74
д. Тамбов, ул. Енисейская, д. 19, 904536;08:30:00;20:30:00;8 (176) 913-9488
п. Крымск, ул. Студенческая, д. 54, 623284;09:00:00;21:00:00;8 921 538 12 78
ст. Ростов-на-Дону, ул. Сенная, д. 94, 649634;08:00:00;20:00:00;8 (949) 485-90-20
ст. Камышлов, ул. Папанина, д. 78, 478104;08:30:00;20:30:00;88239328325
ст. Новосибирск, ул. Курортная, д. 05, 313875;08:00:00;20:00:00;+7 (256) 550-3202
ст. Хатанга, ул. Ермака, д. 01, 322865;09:00:00;21:00:00;+78405378606
с. Йошкар-Ола, ул. 60 лет СССР, д. 31, 864444;08:00:00;20:00:00;+7 066 643 48 34
г. Лесной (Сверд.), ул. Придорожная, д. 25, 651702;08:00:00;20:00:00;+7 (408) 103-6043
ст. Вязьма, ул. Жданова, д. 65, 088057;08:30:00;20:30:00;8 348 276 59 59
ст. Миасс, ул. Сплавная, д. 80, 167428;08:30:00;20:30:00;8 031 256 08 94
клх Яшкуль, ул. Микрорайон, д. 35, 496804;08:30:00;20:30:00;8 (599) 902-72-68
с. Калевала, ул. Менделеева, д. 89, 648878;09:00:00;21:00:00;82778829475
к. Семлячики, ул. Тельмана, д. 57, 738069;08:00:00;20:00:00;+7 (727) 520-4660
ст. Зеленогорск (Ленин.), ул. Плеханова, д. 65, 241490;09:00:00;21:00:00;86026231764
ст. Сухиничи, ул. Высокая, д. 29, 347687;08:30:00;20:30:00;8 199 912 89 22
п. Дербент, ул. Театральная, д. 20, 787524;08:30:00;20:30:00;+70365070146
к. Архыз, ул. Проезжая, д. 62, 831262;08:30:00;20:30:00;8 430 255 7962
п. Карталы, ул. Московская, д. 20, 034672;08:30:00;20:30:00;8 462 159 6225
с. Листвянка (Иркут.), ул. Цветочная, д. 79, 479122;08:30:00;20:30:00;+7 (083) 626-9135
к. Улан-Удэ, ул. Олега Кошевого, д. 42, 233774;08:30:00;20:30:00;+7 (884) 363-0092
клх Солнечногорск, ул. Высотная, д. 67, 760273;08:30:00;20:30:00;8 822 822 67 87
д. Тамбей, ул. Мая 1, д. 40, 046660;09:00:00;21:00:00;+7 (047) 084-58-61
г. Нурлат, ул. Майская, д. 10, 189653;09:00:00;21:00:00;8 (319) 395-0776
п. Асбест, ул. Ягодная, д. 55, 551367;09:00:00;21:00:00;8 (817) 844-27-58
с. Волгоград, ул. Карбышева, д. 15, 515520;09:00:00;21:00:00;8 (338) 481-48-86
ст. Кяхта, ул. Клубная, д. 65, 655932;08:30:00;20:30:00;8 617 363 1410
к. Хоста, ул. Красноярская, д. 20, 127220;08:30:00;20:30:00;8 680 192 89 76
к. Белогорск (Амур.), ул. Большевистская, д. 69, 710274;09:00:00;21:00:00;87192946653
п. Богучар, ул. Герцена, д. 78, 527536;08:00:00;20:00:00;+7 (558) 200-50-79
клх Обнинск, ул. Байкальская, д. 84, 419758;09:00:00;21:00:00;8 574 875 80 72
к. Верхоянск, ул. Глинки, д. 11, 438475;09:00:00;21:00:00;+7 (227) 186-96-92
д. Горно-Алтайск, ул. Грибоедова, д. 56, 038003;09:00:00;21:00:00;+7 (315) 912-0146
ст. Шумиха, ул. Папанина, д. 14, 374043;08:30:00;20:30:00;8 (523) 063-5835
ст. Каргополь, ул. Таманская, д. 19, 776952;08:30:00;20:30:00;8 (210) 758-3297
д. Верещагино (Перм.), ул. Специалистов, д. 26, 449729;08:00:00;20:00:00;+7 615 094 9205
с. Ногинск (Моск.), ул. Короткая, д. 68, 915236;08:00:00;20:00:00;+7 348 121 5837
к. Усть-Кулом, ул. Парковая, д. 59, 143074;08:30:00;20:30:00;86409317230
ст. Пинега, ул. Пушкина, д. 56, 607405;08:30:00;20:30:00;+7 (829) 496-0562
г. Славянск-на-Кубани, ул. Дарвина, д. 38, 346577;08:00:00;20:00:00;8 (351) 985-0237
п. Сосьва (Хант.), ул. Таежная, д. 43, 596948;09:00:00;21:00:00;+7 668 858 88 08
д. Североморск, ул. Рабочая, д. 02, 861186;08:00:00;20:00:00;88009434709
д. Аргаяш, ул. Почтовая, д. 44, 315520;08:00:00;20:00:00;8 069 255 30 89
ст. Нижневартовск, ул. Льва Толстого, д. 57, 067216;08:00:00;20:00:00;8 (112) 195-3053
с. Дно, ул. Мая 1, д. 34, 937120;09:00:00;21:00:00;8 (816) 250-2149
клх Кизляр, ул. Культуры, д. 02, 139912;08:00:00;20:00:00;8 707 531 12 43
клх Майкоп, ул. Крымская, д. 90, 239180;08:30:00;20:30:00;8 363 413 7190
д. Касимов, ул. Красных Партизан, д. 42, 063991;08:30:00;20:30:00;+7 653 655 55 99
к. Асино, ул. Мая 1, д. 23, 926663;09:00:00;21:00:00;8 (417) 968-5805
д. Устюжна, ул. Огородная, д. 18, 712067;08:30:00;20:30:00;8 971 213 8750
клх Оренбург, ул. Горняцкая, д. 76, 388831;09:00:00;21:00:00;+7 354 280 3644
ст. Наро-Фоминск, ул. Набережная, д. 27, 370577;09:00:00;21:00:00;+75219931237
п. Беломорск, ул. Озерная, д. 74, 052719;09:00:00;21:00:00;8 (733) 694-8045
к. Лодейное Поле, ул. Чехова, д. 83, 974431;09:00:00;21:00:00;+7 384 299 32 65
ст. Тосно, ул. Буденного, д. 68, 280636;08:30:00;20:30:00;+7 227 533 24 88
п. Красная Поляна, ул. Советов, д. 18, 169424;09:00:00;21:00:00;8 509 088 93 44
д. Карабулак, ул. Центральная, д. 57, 797328;08:00:00;20:00:00;85433618931
д. Каневская, ул. Урожайная, д. 23, 594731;08:00:00;20:00:00;+7 (626) 195-8723
д. Екатеринбург, ул. Кооперативная, д. 55, 692390;08:30:00;20:30:00;+73522401470
ст. Каменномостский, ул. Сибирская, д. 58, 644793;08:30:00;20:30:00;+7 007 264 54 65
г. Алексин, ул. Украинская, д. 46, 911273;08:30:00;20:30:00;+73490308995
д. Воткинск, ул. Гончарова, д. 93, 870383;08:00:00;20:00:00;8 (047) 769-72-72
ст. Джейрах, ул. 8-е Марта, д. 27, 283198;08:30:00;20:30:00;+7 (432) 250-93-51
клх Сочи, ул. Павлика Морозова, д. 04, 727159;09:00:00;21:00:00;+7 382 382 33 34
к. Балашов, ул. Пушкинская, д. 37, 054677;08:00:00;20:00:00;81316811357
с. Петухово, ул. Степана Разина, д. 54, 589571;08:00:00;20:00:00;+7 (794) 633-9361
ст. Адлер, ул. Максима Горького, д. 79, 711280;08:00:00;20:00:00;+7 (585) 567-9095
клх Абинск, ул. Пугачева, д. 39, 977765;09:00:00;21:00:00;+71949812328
ст. Хатанга, ул. Строителей, д. 46, 404858;08:00:00;20:00:00;8 290 906 2885
клх Череповец, ул. Ватутина, д. 84, 561132;08:30:00;20:30:00;8 420 884 9010
г. Плес, ул. Фадеева, д. 60, 237307;08:00:00;20:00:00;+7 359 457 0621
п. Юрьев-Польский, ул. Бабушкина, д. 83, 601766;08:30:00;20:30:00;+7 868 660 3897
ст. Рыбинск, ул. Каштановая, д. 61, 709704;08:30:00;20:30:00;+7 (099) 768-38-88
ст. Оренбург, ул. Олега Кошевого, д. 38, 136722;08:30:00;20:30:00;8 (577) 892-92-09
п. Приозерск, ул. Февральская, д. 13, 706481;09:00:00;21:00:00;+7 560 919 31 22
п. Дивногорск, ул. Хвойная, д. 39, 075939;08:00:00;20:00:00;+7 (902) 256-23-70
п. Уссурийск, ул. Прибрежная, д. 60, 483749;08:00:00;20:00:00;+7 (921) 588-4137
клх Ачинск, ул. Невского, д. 64, 329570;09:00:00;21:00:00;+7 (002) 821-93-63
к. Барнаул, ул. Чернышевского, д. 77, 764371;08:00:00;20:00:00;+7 (589) 296-4613
ст. Карпинск, ул. 50 лет Октября, д. 26, 918680;08:30:00;20:30:00;+7 (357) 454-66-48
д. Грозный, ул. Депутатская, д. 83, 068655;08:30:00;20:30:00;+7 804 484 7749
п. Новгород Великий, ул. Бажова, д. 88, 692421;09:00:00;21:00:00;+76376994581
г. Верхний Тагил, ул. Московская, д. 31, 819859;08:30:00;20:30:00;8 (245) 843-6752
г. Шали, ул. Фрунзе, д. 56, 439261;08:00:00;20:00:00;8 (185) 084-5421
ст. Вологда, ул. Угловая, д. 52, 771740;09:00:00;21:00:00;8 (330) 114-42-67
с. Петухово, ул. Большевистская, д. 71, 327342;08:30:00;20:30:00;8 014 944 2777
ст. Биробиджан, ул. Сенная, д. 15, 332117;08:30:00;20:30:00;8 826 909 73 34
с. Ведено, ул. Гайдара, д. 81, 165796;08:00:00;20:00:00;88369658543
к. Черкесск, ул. Прибрежная, д. 42, 359707;08:30:00;20:30:00;8 688 328 6775
г. Гудермес, ул. Толбухина, д. 36, 246631;08:00:00;20:00:00;8 (523) 628-36-96
п. Тверь, ул. Хуторская, д. 19, 347112;09:00:00;21:00:00;80029589467
клх Минусинск, ул. Парижской Коммуны, д. 80, 666658;08:00:00;20:00:00;87862906128
клх Киров (Вятка), ул. Тепличная, д. 72, 014929;08:30:00;20:30:00;8 (248) 658-53-76
ст. Курумкан, ул. Механизаторов, д. 92, 274898;08:00:00;20:00:00;+7 (563) 013-2085
с. Усинск, ул. Урожайная, д. 61, 293152;09:00:00;21:00:00;8 030 926 6846
ст. Тосно, ул. Минина, д. 76, 169689;08:00:00;20:00:00;+70940306148
ст. Красногорск (Моск.), ул. 40 лет Победы, д. 65, 498425;09:00:00;21:00:00;+7 (540) 731-8040
ст. Каневская, ул. Литейная, д. 68, 993141;08:00:00;20:00:00;+7 994 518 58 12
п. Новочеркасск, ул. Новая, д. 00, 525431;08:30:00;20:30:00;8 276 490 18 85
г. Шуя, ул. Московская, д. 13, 724419;09:00:00;21:00:00;85679900059
клх Лабытнанги, ул. Саратовская, д. 09, 113795;09:00:00;21:00:00;8 480 798 9193
к. Чикола, ул. Западная, д. 39, 958031;08:30:00;20:30:00;+7 237 425 89 37
д. Кашхатау, ул. Совхозная, д. 80, 425852;08:00:00;20:00:00;+7 294 129 94 11
г. Находка, ул. Коминтерна, д. 40, 434300;09:00:00;21:00:00;+74754040492
п. Киржач, ул. Мусы Джалиля, д. 14, 201057;08:30:00;20:30:00;+7 (500) 605-14-14
г. Джейрах, ул. Строительная, д. 52, 741193;09:00:00;21:00:00;+7 104 852 9901
г. Королев, ул. Попова, д. 89, 687068;08:30:00;20:30:00;8 811 942 3124
г. Ростов, ул. Фурманова, д. 14, 473602;08:00:00;20:00:00;8 812 749 71 79
д. Орск, ул. Ватутина, д. 04, 434608;08:30:00;20:30:00;8 767 300 19 58
к. Балашиха, ул. Запорожская, д. 88, 475741;08:30:00;20:30:00;+7 616 098 3879
с. Набережные Челны, ул. Проезжая, д. 59, 608171;08:00:00;20:00:00;8 (335) 402-5816
г. Чегем, ул. Автомобилистов, д. 68, 732266;09:00:00;21:00:00;+7 (122) 376-5722
п. Ханты-Мансийск, ул. Севастопольская, д. 62, 118891;09:00:00;21:00:00;+7 861 019 67 12
д. Усолье Сибирское, ул. Больничная, д. 88, 435452;08:00:00;20:00:00;84833563416
с. Арзамас, ул. Речная, д. 72, 531501;08:30:00;20:30:00;+7 108 252 4967
клх Бугульма, ул. Сибирская, д. 97, 537530;08:30:00;20:30:00;+7 796 701 2852
д. Всеволожск, ул. Театральная, д. 64, 711509;08:00:00;20:00:00;+7 455 658 43 89
д. Плес, ул. Дорожная, д. 06, 895925;09:00:00;21:00:00;+7 403 415 88 67
п. Белореченск, ул. Васильковая, д. 28, 108696;08:00:00;20:00:00;8 995 264 08 71
ст. Зарайск, ул. Чехова, д. 29, 522556;08:30:00;20:30:00;85449272252
д. Североуральск, ул. Магистральная, д. 91, 009530;08:30:00;20:30:00;8 (590) 323-3791
к. Дербент, ул. Седова, д. 12, 830016;08:30:00;20:30:00;+7 (660) 237-27-81
с. Биробиджан, ул. Кузнечная, д. 16, 960272;09:00:00;21:00:00;8 (598) 181-90-50
г. Северобайкальск, ул. Волкова, д. 69, 224420;08:00:00;20:00:00;+7 (002) 189-7696
к. Моршанск, ул. Димитрова, д. 88, 940470;09:00:00;21:00:00;8 (062) 278-9014
п. Ардон, ул. Шишкина, д. 62, 776931;08:00:00;20:00:00;8 514 465 99 89
п. Кировск (Ленин.), ул. Юбилейная, д. 30, 664737;08:00:00;20:00:00;+7 948 024 77 66
д. Сковородино, ул. Чайковского, д. 47, 552935;09:00:00;21:00:00;8 359 681 86 05
ст. Орел, ул. Шахтерская, д. 39, 169842;08:30:00;20:30:00;+77683160581
с. Ступино, ул. Строителей, д. 69, 022405;08:30:00;20:30:00;8 (857) 317-0227
д. Верхоянск, ул. Ростовская, д. 61, 946950;08:30:00;20:30:00;+7 (164) 192-52-35
ст. Токсово, ул. Микрорайон, д. 82, 400287;09:00:00;21:00:00;8 (177) 640-97-26
г. Игарка, ул. Горняцкая, д. 03, 638870;08:00:00;20:00:00;+7 (236) 598-5733
д. Рыбинск, ул. Кузнецкая, д. 13, 423087;08:00:00;20:00:00;8 318 715 3109
ст. Чокурдах, ул. Павлика Морозова, д. 38, 354167;08:30:00;20:30:00;80074713417
г. Алексин, ул. Войкова, д. 70, 811807;08:30:00;20:30:00;+7 (118) 820-1887
п. Ирбит, ул. Мая 1, д. 51, 594028;09:00:00;21:00:00;8 (169) 666-76-90
г. Истра, ул. Машиностроителей, д. 16, 035924;09:00:00;21:00:00;8 (006) 955-98-81
г. Ивдель, ул. Просвещения, д. 91, 579968;09:00:00;21:00:00;+7 713 632 1733
ст. Елец, ул. Вишневая, д. 98, 753047;08:30:00;20:30:00;+72556324487
с. Александров, ул. Пограничная, д. 27, 247652;08:30:00;20:30:00;+7 (233) 809-7055
ст. Шаховская, ул. Тепличная, д. 36, 671739;09:00:00;21:00:00;8 195 201 8867
клх Югорск, ул. Трудовая, д. 47, 378578;08:00:00;20:00:00;89122369641
с. Тосно, ул. Монтажников, д. 55, 125282;08:30:00;20:30:00;+7 898 359 8350
с. Темрюк, ул. Металлургов, д. 08, 978588;08:30:00;20:30:00;8 (903) 159-17-37
клх Курганинск, ул. Прудная, д. 29, 936230;09:00:00;21:00:00;87857812198
п. Дагомыс, ул. Кольцевая, д. 83, 930434;08:00:00;20:00:00;8 614 610 57 82
ст. Токсово, ул. Магистральная, д. 90, 806495;08:00:00;20:00:00;8 642 602 1568
клх Апрелевка, ул. Окружная, д. 59, 339040;08:00:00;20:00:00;+74587756775
п. Хасан, ул. Интернациональная, д. 31, 451719;08:00:00;20:00:00;8 381 107 33 40
п. Мостовской, ул. Подстанция, д. 59, 293395;08:30:00;20:30:00;8 645 182 8803
д. Солнечногорск, ул. Громова, д. 66, 204376;09:00:00;21:00:00;+7 (946) 618-94-30
ст. Москва, ул. Вокзальная, д. 17, 217835;08:00:00;20:00:00;+74455941986
д. Мостовской, ул. Достоевского, д. 34, 093800;08:30:00;20:30:00;87828165658
клх Джубга, ул. Кубанская, д. 06, 306076;08:30:00;20:30:00;8 780 402 8891
д. Диксон, ул. Овражная, д. 10, 992202;09:00:00;21:00:00;8 755 117 9486
клх Кизел, ул. Красина, д. 74, 042507;08:00:00;20:00:00;+7 (176) 623-0550
д. Терней, ул. Герцена, д. 36, 946830;08:30:00;20:30:00;+73749870699
с. Ялуторовск, ул. Космическая, д. 98, 502797;08:30:00;20:30:00;8 487 425 90 27
к. Кропоткин (Краснод.), ул. Депутатская, д. 03, 266392;09:00:00;21:00:00;8 808 422 3935
г. Эльбрус, ул. Пролетарская, д. 30, 181351;08:00:00;20:00:00;8 (006) 291-6781
к. Екатеринбург, ул. Заозерная, д. 86, 554561;09:00:00;21:00:00;+7 840 895 5654
с. Жуковский, ул. Суворова, д. 66, 677772;09:00:00;21:00:00;8 291 495 7687
к. Онега, ул. Кошевого, д. 68, 226667;08:30:00;20:30:00;8 (891) 100-8154
г. Гатчина, ул. Фурманова, д. 12, 094854;08:00:00;20:00:00;+7 (237) 299-3428
ст. Серов, ул. Привокзальная, д. 27, 218659;08:30:00;20:30:00;+7 (482) 494-0678
клх Смоленск, ул. Высоцкого, д. 77, 900887;08:00:00;20:00:00;8 (584) 187-52-50
к. Нефедова, ул. Победа, д. 66, 463448;08:00:00;20:00:00;+7 (739) 439-3677
клх Киренск, ул. Калужская, д. 18, 109982;08:30:00;20:30:00;+7 114 161 78 32
с. Катав-Ивановск, ул. Звездная, д. 42, 658679;08:30:00;20:30:00;8 (151) 423-75-62
п. Поронайск, ул. Покровская, д. 04, 395244;08:30:00;20:30:00;+7 514 588 16 82
к. Соль-Илецк, ул. Донская, д. 73, 395814;08:00:00;20:00:00;+70305777615
п. Междуреченский, ул. Петровская, д. 54, 323111;09:00:00;21:00:00;8 000 706 6206
клх Усмань, ул. Одесская, д. 60, 666753;09:00:00;21:00:00;+7 794 867 52 39
ст. Волгоград, ул. Ставропольская, д. 50, 705993;08:00:00;20:00:00;85024987923
д. Кунгур, ул. Болотная, д. 99, 844541;09:00:00;21:00:00;+71470292932
п. Бодайбо, ул. Пожарского, д. 35, 087891;08:30:00;20:30:00;+79549355325
д. Уварово, ул. Нахимова, д. 75, 993585;08:30:00;20:30:00;+7 (949) 057-91-14
ст. Можайск, ул. Краснофлотская, д. 72, 123012;08:30:00;20:30:00;+7 140 662 8358
клх Соль-Илецк, ул. Минина, д. 52, 781051;08:00:00;20:00:00;8 (330) 681-34-60
д. Александров Гай, ул. Лесозаводская, д. 04, 812825;08:00:00;20:00:00;+7 (122) 037-43-89
к. Рыбинск, ул. Строителей, д. 42, 032629;09:00:00;21:00:00;8 (950) 642-10-75
д. Таганрог, ул. Одесская, д. 22, 016592;08:30:00;20:30:00;+71707220134
к. Слюдянка, ул. Виноградная, д. 90, 322109;08:30:00;20:30:00;+7 (458) 965-4877
г. Кабанск, ул. Приозерная, д. 81, 572451;08:00:00;20:00:00;+7 (181) 241-44-30
клх Кемерово, ул. Литейная, д. 14, 242681;09:00:00;21:00:00;8 980 561 32 36
г. Тотьма, ул. Сенная, д. 60, 520740;09:00:00;21:00:00;+7 485 621 4735
ст. Усть-Катав, ул. Авиационная, д. 65, 520689;08:00:00;20:00:00;+7 932 542 4379
клх Сочи, ул. Речная, д. 58, 285675;09:00:00;21:00:00;8 422 174 50 40
клх Ирбит, ул. Прохладная, д. 54, 085898;08:30:00;20:30:00;+71293892944
д. Пушкино (Моск.), ул. Азина, д. 49, 502588;08:30:00;20:30:00;86241069291
ст. Красноуфимск, ул. Крылова, д. 91, 170851;09:00:00;21:00:00;+7 183 616 11 80
к. Александров Гай, ул. Клары Цеткин, д. 76, 111284;08:30:00;20:30:00;81311890909
к. Нарткала, ул. Горняцкая, д. 67, 040742;08:00:00;20:00:00;+71128396272
клх Нижний Тагил, ул. Тимирязева, д. 83, 515267;08:30:00;20:30:00;+7 (414) 075-35-76
г. Тобольск, ул. Котовского, д. 76, 576898;08:30:00;20:30:00;8 143 023 94 80
д. Моршанск, ул. К.Маркса, д. 72, 861332;09:00:00;21:00:00;8 (930) 814-9101
к. Выборг, ул. Краснодарская, д. 75, 113193;09:00:00;21:00:00;+7 (591) 028-00-83
с. Вязьма, ул. Прохладная, д. 46, 499852;08:00:00;20:00:00;85842526258
клх Морозовск, ул. Достоевского, д. 08, 382793;08:00:00;20:00:00;8 263 610 84 85
д. Кедровый, ул. Некрасова, д. 44, 016238;08:30:00;20:30:00;+7 (382) 469-7266
ст. Моршанск, ул. 9 Января, д. 36, 895636;08:00:00;20:00:00;8 110 676 73 34
к. Бомнак, ул. Короткая, д. 27, 935993;09:00:00;21:00:00;8 (933) 937-8169
к. Аршан (Бурят.), ул. Фурманова, д. 58, 219141;09:00:00;21:00:00;8 (800) 778-53-83
клх Псков, ул. Союзная, д. 92, 602111;08:30:00;20:30:00;+7 (533) 740-98-37
с. Великие Луки, ул. Терешковой, д. 01, 771866;08:00:00;20:00:00;+7 (597) 821-06-98
к. Нефедова, ул. Новоселов, д. 10, 826757;09:00:00;21:00:00;+7 (319) 068-98-90
г. Луховицы, ул. Короткая, д. 53, 048905;08:30:00;20:30:00;+7 (245) 772-85-70
ст. Лагань, ул. Осенняя, д. 28, 589524;08:30:00;20:30:00;8 (485) 491-2761
ст. Ступино, ул. Матросова, д. 84, 498677;08:30:00;20:30:00;8 (689) 917-99-78
клх Усолье Сибирское, ул. Леонова, д. 51, 016505;09:00:00;21:00:00;8 (733) 279-91-76
ст. Заводоуковск, ул. Мелиоративная, д. 41, 082568;09:00:00;21:00:00;+7 157 684 65 38
г. Псебай, ул. Минина, д. 06, 100546;08:00:00;20:00:00;+7 847 926 7626
ст. Арсеньев, ул. Волочаевская, д. 88, 180673;08:30:00;20:30:00;+74300781731
д. Камышин, ул. Строителей, д. 82, 796605;08:30:00;20:30:00;8 (183) 376-92-91
д. Абакан, ул. Профсоюзная, д. 06, 256308;09:00:00;21:00:00;+7 095 596 63 11
клх Красноуфимск, ул. Новосельская, д. 16, 468320;08:30:00;20:30:00;+77379878618
г. Томск, ул. Лунная, д. 17, 748396;09:00:00;21:00:00;+7 (618) 736-2044
ст. Тутаев, ул. Чайковского, д. 61, 391127;08:30:00;20:30:00;+7 620 164 67 94
д. Шумиха, ул. Коммунистическая, д. 26, 648156;09:00:00;21:00:00;8 (652) 374-9105
г. Снежинск, ул. Энергетическая, д. 84, 098876;09:00:00;21:00:00;8 730 050 58 35
клх Поярково, ул. Троицкая, д. 31, 577612;09:00:00;21:00:00;8 (192) 686-3901
клх Котельнич, ул. Черняховского, д. 97, 107501;08:30:00;20:30:00;+7 (120) 272-2267
ст. Моршанск, ул. Павлова, д. 14, 981844;08:30:00;20:30:00;8 (191) 532-80-88
к. Кингисепп, ул. Вишневая, д. 50, 563671;09:00:00;21:00:00;87227140283
г. Курган, ул. Северная, д. 43, 822750;08:00:00;20:00:00;+7 124 358 72 98
г. Сунтар, ул. Урожайная, д. 89, 524454;09:00:00;21:00:00;+7 897 741 7466
ст. Александров, ул. Мичурина, д. 40, 231056;08:30:00;20:30:00;+7 (325) 291-0334
ст. Луга, ул. Красноярская, д. 34, 563980;08:00:00;20:00:00;+7 204 474 17 50
п. Пенза, ул. Курортная, д. 83, 320844;08:30:00;20:30:00;+7 (535) 625-77-75
п. Ангарск, ул. Радищева, д. 05, 110137;09:00:00;21:00:00;8 518 517 8085
с. Амурск, ул. Вокзальная, д. 23, 644665;08:30:00;20:30:00;8 970 105 6226
г. Ханты-Мансийск, ул. Урожайная, д. 92, 591750;08:30:00;20:30:00;8 (008) 301-47-62
п. Минусинск, ул. Тенистая, д. 11, 856716;08:30:00;20:30:00;8 (050) 453-4356
г. Ступино, ул. Пархоменко, д. 00, 713296;08:00:00;20:00:00;+7 (852) 204-8173
ст. Гремячинск (Бурят.), ул. Пушкинская, д. 54, 711438;08:30:00;20:30:00;8 264 017 0989
г. Тымовское, ул. Рабочая, д. 86, 611001;09:00:00;21:00:00;89111242516
к. Долинск, ул. Парковая, д. 42, 186455;08:00:00;20:00:00;+7 (715) 999-7227
д. Черский, ул. Фадеева, д. 91, 705200;08:30:00;20:30:00;+7 445 374 3494
п. Ишим, ул. Советская, д. 31, 149096;09:00:00;21:00:00;8 464 929 8102
п. Ессентуки, ул. Красноярская, д. 18, 295057;08:00:00;20:00:00;83406139393
клх Соликамск, ул. Семашко, д. 19, 696749;08:00:00;20:00:00;8 135 069 92 02
г. Фатеж, ул. Дружбы, д. 12, 374516;09:00:00;21:00:00;+7 615 000 4046
п. Мостовской, ул. Шишкина, д. 29, 221851;09:00:00;21:00:00;+7 427 420 9510
клх Калининград, ул. Островского, д. 82, 751899;08:30:00;20:30:00;82280651874
к. Кежма, ул. ДОС, д. 02, 278065;09:00:00;21:00:00;+7 (423) 923-3265
г. Новосибирск, ул. Северная, д. 08, 154030;09:00:00;21:00:00;+7 (616) 114-19-29
п. Калач-на-Дону, ул. Веселая, д. 31, 511076;08:30:00;20:30:00;+7 641 048 28 27
г. Красновишерск, ул. Таежная, д. 09, 117156;08:30:00;20:30:00;+7 (007) 476-3775
п. Завьялиха, ул. Гоголя, д. 90, 015274;08:30:00;20:30:00;85473543426
клх Владикавказ, ул. Кубанская, д. 54, 596395;08:30:00;20:30:00;+7 (639) 108-6211
клх Белорецк, ул. Разина, д. 45, 225426;08:30:00;20:30:00;+7 (100) 274-8602
с. Корсаков, ул. Невского, д. 18, 957015;09:00:00;21:00:00;8 (744) 055-7507
к. Муром, ул. Семашко, д. 30, 338017;09:00:00;21:00:00;+7 (514) 428-0664
ст. Камень-на-Оби, ул. Морская, д. 21, 278647;09:00:00;21:00:00;+7 (840) 883-0183
клх Игнашино, ул. Панфилова, д. 41, 780670;09:00:00;21:00:00;8 939 350 1802
к. Бугуруслан, ул. Войкова, д. 72, 579659;09:00:00;21:00:00;8 (173) 626-4521
п. Орехово-Зуево, ул. Васильковая, д. 36, 814737;08:00:00;20:00:00;+7 (326) 060-8065
д. Владимир, ул. Баумана, д. 68, 326112;08:30:00;20:30:00;+7 (070) 982-02-22
п. Губаха, ул. Правды, д. 50, 758760;09:00:00;21:00:00;+7 653 349 26 93
ст. Сунтар, ул. Детская, д. 32, 393042;08:30:00;20:30:00;8 (202) 075-23-47
д. Минеральные Воды, ул. Черемуховая, д. 39, 503795;09:00:00;21:00:00;+7 635 961 0450
г. Ханты-Мансийск, ул. Инженерная, д. 34, 054450;08:30:00;20:30:00;+7 190 493 9146
с. Балашиха, ул. Космонавтов, д. 08, 382374;08:00:00;20:00:00;8 (162) 699-48-41
д. Минусинск, ул. Томская, д. 41, 366926;08:30:00;20:30:00;+7 707 613 97 00
с. Любань, ул. Покровская, д. 66, 838443;08:00:00;20:00:00;+79397458860
ст. Нефтекамск, ул. Слободская, д. 82, 361700;09:00:00;21:00:00;+7 (346) 725-03-62
г. Калининград, ул. Олимпийская, д. 52, 479609;09:00:00;21:00:00;8 176 437 62 83
п. Железногорск(Курск.), ул. Одесская, д. 29, 882700;09:00:00;21:00:00;8 464 996 3202
п. Ставрополь, ул. Гоголя, д. 79, 472261;08:30:00;20:30:00;+70457508662
ст. Балашов, ул. Аэродромная, д. 41, 562149;08:30:00;20:30:00;8 (795) 762-1226
п. Мокшан, ул. Речная, д. 44, 837987;09:00:00;21:00:00;8 (785) 068-01-52
г. Юрьевец (Иван.), ул. Октябрьская, д. 90, 258614;09:00:00;21:00:00;8 986 695 80 68
к. Кизел, ул. Высотная, д. 76, 987066;08:00:00;20:00:00;8 824 084 31 57
г. Шаховская, ул. Большевистская, д. 25, 210568;08:00:00;20:00:00;+7 (917) 803-4685
д. Тавда, ул. Подлесная, д. 29, 807386;08:30:00;20:30:00;+79431515704
ст. Любань, ул. Строительная, д. 95, 816491;09:00:00;21:00:00;89377659694
с. Стерлитамак, ул. Сахалинская, д. 19, 913482;08:00:00;20:00:00;+7 (382) 871-9258
клх Углич, ул. Логовая, д. 58, 360352;08:30:00;20:30:00;+7 (552) 881-01-83
д. Волгодонск, ул. Депутатская, д. 80, 859127;08:30:00;20:30:00;8 (402) 951-67-81
г. Старая Русса, ул. Мичурина, д. 46, 421364;08:30:00;20:30:00;+7 815 424 37 41
с. Шадринск, ул. Красноармейская, д. 21, 428864;09:00:00;21:00:00;8 291 008 0721
п. Катайск, ул. Нижняя, д. 26, 128476;09:00:00;21:00:00;+7 596 508 4689
ст. Щельяюр, ул. Урицкого, д. 00, 078206;09:00:00;21:00:00;+7 926 691 57 88
п. Славгород, ул. Советская, д. 72, 679738;09:00:00;21:00:00;+7 (373) 086-15-45
к. Черкесск, ул. Шаумяна, д. 30, 793767;09:00:00;21:00:00;84465247284
п. Черский, ул. Железнодорожная, д. 87, 503988;09:00:00;21:00:00;8 750 586 49 97
клх Североуральск, ул. Просвещения, д. 91, 887609;09:00:00;21:00:00;82137128256
клх Шадринск, ул. Ручейная, д. 93, 364142;08:00:00;20:00:00;+74854511092
г. Нефтегорск (Самар.), ул. Вахитова, д. 80, 500342;08:30:00;20:30:00;+7 198 449 58 44
клх Алапаевск, ул. Бажова, д. 82, 528329;09:00:00;21:00:00;+76420931180
ст. Кандалакша, ул. Советской Армии, д. 26, 440577;09:00:00;21:00:00;+79803422077
ст. Мирный, ул. Белорусская, д. 21, 915334;09:00:00;21:00:00;+7 612 476 37 88
с. Жигулевск, ул. Жукова, д. 46, 969996;09:00:00;21:00:00;8 (060) 612-83-12
к. Ачхой Мартан, ул. Карбышева, д. 25, 528830;09:00:00;21:00:00;8 552 193 0898
ст. Переславль-Залесский, ул. Маяковского, д. 49, 777280;08:30:00;20:30:00;8 (208) 337-04-33
клх Ухта, ул. Базарная, д. 03, 160325;08:30:00;20:30:00;+7 963 773 4890
ст. Нальчик, ул. Розы Люксембург, д. 20, 967482;09:00:00;21:00:00;+75719568023
с. Яр-Сале, ул. Коминтерна, д. 72, 971638;08:00:00;20:00:00;8 (381) 676-62-72
п. Внуково (метеост.), ул. Хвойная, д. 41, 139221;09:00:00;21:00:00;8 (811) 411-7739
к. Октябрьское (Челяб.), ул. Октябрьская, д. 88, 894064;08:30:00;20:30:00;8 (266) 211-16-60
г. Кизилюрт, ул. Челюскинцев, д. 56, 366331;08:30:00;20:30:00;+79253808120
с. Ессентуки, ул. Западная, д. 02, 318742;08:00:00;20:00:00;8 (380) 503-4816
д. Рославль, ул. Балтийская, д. 51, 278915;08:30:00;20:30:00;8 490 493 2458
к. Вологда, ул. Пирогова, д. 99, 811742;08:30:00;20:30:00;+75496159262
клх Екатеринбург, ул. Стахановская, д. 78, 542191;08:30:00;20:30:00;8 008 376 8598
клх Одинцово, ул. Тюленина, д. 02, 825345;08:00:00;20:00:00;+7 663 249 1815
п. Азов (Рост.), ул. Рябиновая, д. 02, 846742;08:30:00;20:30:00;+76791630440
г. Королев, ул. Карьерная, д. 65, 366595;09:00:00;21:00:00;+7 (947) 637-4379
г. Иваново, ул. Больничная, д. 99, 601157;08:00:00;20:00:00;8 623 510 31 58
ст. Тарко-Сале, ул. Есенина, д. 40, 173373;08:00:00;20:00:00;+76702541828
п. Луга, ул. Производственная, д. 23, 002347;08:00:00;20:00:00;+7 (780) 808-2122
д. Кежма, ул. Полтавская, д. 81, 920356;08:00:00;20:00:00;+7 (348) 690-8180
д. Прохладный, ул. Прудная, д. 63, 706455;08:30:00;20:30:00;+7 (014) 771-28-04
с. Каневская, ул. Шаумяна, д. 07, 637270;08:30:00;20:30:00;+7 442 093 18 71
д. Городовиковск, ул. Гражданская, д. 39, 691327;08:00:00;20:00:00;+7 651 278 71 93
п. Катайск, ул. Горняцкая, д. 08, 356723;08:00:00;20:00:00;+7 (679) 943-88-72
п. Тавда, ул. Тенистая, д. 56, 141823;08:30:00;20:30:00;+7 647 060 44 13
п. Волгоград, ул. Прибрежная, д. 86, 780293;08:00:00;20:00:00;8 (036) 663-3572
д. Осташков, ул. Подгорная, д. 58, 310352;09:00:00;21:00:00;+7 (308) 211-7584
д. Уссурийск, ул. Седова, д. 75, 351129;09:00:00;21:00:00;8 (338) 374-6965
г. Сладково, ул. Шолохова, д. 07, 401608;08:00:00;20:00:00;8 (789) 880-2240
п. Волгоград, ул. Осипенко, д. 76, 238302;08:30:00;20:30:00;+7 (132) 662-5167
к. Углегорск, ул. Водопроводная, д. 35, 444335;08:30:00;20:30:00;8 861 388 5205
ст. Лянтор, ул. Дарвина, д. 95, 810058;08:00:00;20:00:00;+7 668 654 9028
к. Холмск, ул. Покровская, д. 76, 294996;08:00:00;20:00:00;+70132171233
г. Лагань, ул. Портовая, д. 99, 260298;09:00:00;21:00:00;+77568075963
к. Светлогорск (Калин.), ул. Лазо, д. 23, 383391;08:00:00;20:00:00;8 (186) 361-7977
п. Сортавала, ул. Комарова, д. 71, 084838;09:00:00;21:00:00;8 (313) 360-55-57
г. Азов (Рост.), ул. Саратовская, д. 87, 886340;09:00:00;21:00:00;8 (873) 217-4242
п. Холмск, ул. Тупиковая, д. 80, 385498;09:00:00;21:00:00;+7 707 338 85 59
д. Сухиничи, ул. Достоевского, д. 90, 355873;09:00:00;21:00:00;+7 529 554 0753
к. Таганрог, ул. Молодежная, д. 76, 821732;09:00:00;21:00:00;+7 348 098 8162
г. Долинск, ул. Черноморская, д. 33, 022416;09:00:00;21:00:00;8 350 144 30 38
д. Северо-Курильск, ул. Космонавтов, д. 46, 587714;09:00:00;21:00:00;82404143540
ст. Грозный, ул. Заливная, д. 11, 216918;08:30:00;20:30:00;+7 209 247 63 27
с. Тверь, ул. Куйбышева, д. 40, 438205;08:00:00;20:00:00;8 161 958 38 63
п. Октябрьский (Башк.), ул. Промышленная, д. 89, 854203;08:00:00;20:00:00;8 894 463 45 66
д. Оленек, ул. Шевченко, д. 42, 630617;09:00:00;21:00:00;8 274 993 1297
п. Избербаш, ул. Парковая, д. 58, 169438;08:30:00;20:30:00;8 176 852 50 42
с. Вуктыл, ул. Химиков, д. 54, 681100;09:00:00;21:00:00;8 (618) 457-11-42
п. Кингисепп, ул. Заозерная, д. 83, 533517;08:00:00;20:00:00;+7 (530) 319-6180
ст. Томари, ул. Рыбацкая, д. 70, 451686;09:00:00;21:00:00;+7 396 156 0691
клх Аршан (Бурят.), ул. Королева, д. 79, 863603;08:30:00;20:30:00;88030998963
с. Тюмень, ул. Ставропольская, д. 70, 072263;08:00:00;20:00:00;+77534524090
п. Теберда, ул. Театральная, д. 42, 764870;08:00:00;20:00:00;+7 (925) 280-89-26
клх Кисловодск, ул. Нефтяников, д. 94, 659550;09:00:00;21:00:00;8 838 992 6967
г. Набережные Челны, ул. Пушкина, д. 05, 994395;09:00:00;21:00:00;8 (680) 268-22-82
клх Усть-Катав, ул. Ульянова, д. 39, 118728;08:30:00;20:30:00;+7 325 072 27 07
ст. Губкинский, ул. Красина, д. 90, 314592;08:00:00;20:00:00;+79599258149
ст. Усть-Ордынский, ул. Коммунаров, д. 34, 618443;08:30:00;20:30:00;8 896 638 94 10
д. Сузун, ул. Большевистская, д. 03, 219668;09:00:00;21:00:00;8 433 333 5145
ст. Юрюзань, ул. Войкова, д. 27, 483866;08:00:00;20:00:00;+7 (925) 395-88-22
клх Терскол, ул. Короленко, д. 75, 086591;09:00:00;21:00:00;8 (960) 197-3542
д. Сасово, ул. Полтавская, д. 15, 419687;08:00:00;20:00:00;8 (135) 027-1325
ст. Плес, ул. Некрасова, д. 80, 521359;08:30:00;20:30:00;+7 (490) 287-2988
п. Усть-Калманка, ул. Флотская, д. 97, 897521;08:00:00;20:00:00;+7 496 831 8405
ст. Теберда, ул. Детская, д. 37, 709994;09:00:00;21:00:00;83471374983
клх Витим, ул. Волжская, д. 05, 557203;08:00:00;20:00:00;+7 (780) 292-90-62
д. Волгоград, ул. Кузнечная, д. 30, 860561;09:00:00;21:00:00;+73261761631
п. Игнашино, ул. Песочная, д. 42, 677259;09:00:00;21:00:00;+7 (659) 279-98-33
д. Вытегра, ул. Кооперативная, д. 84, 059741;08:00:00;20:00:00;81474747070
с. Рыбинск, ул. Южная, д. 04, 712797;08:30:00;20:30:00;+7 (679) 105-22-58
клх Благовещенск (Амур.), ул. Толстого, д. 19, 213747;08:00:00;20:00:00;8 (331) 177-99-70
г. Чермоз, ул. Красноярская, д. 13, 294519;09:00:00;21:00:00;81610829797
клх Юрьевец (Иван.), ул. Тупиковая, д. 29, 514973;09:00:00;21:00:00;+7 (325) 860-8660
д. Кузнецк, ул. Серова, д. 77, 003615;09:00:00;21:00:00;+7 435 418 48 65
ст. Учалы, ул. Блюхера, д. 40, 578439;08:30:00;20:30:00;8 634 003 79 32
клх Воркута, ул. Красноярская, д. 52, 388614;08:00:00;20:00:00;8 285 131 5105
п. Терней, ул. Железнодорожная, д. 94, 875924;08:30:00;20:30:00;+77120975507
п. Подольск, ул. Коммунальная, д. 76, 439912;09:00:00;21:00:00;+72816473100
ст. Псебай, ул. Пионерская, д. 58, 928934;08:30:00;20:30:00;+79785726975
ст. Каспийск, ул. Ягодная, д. 28, 753897;08:30:00;20:30:00;8 204 995 8211
клх Темрюк, ул. Центральная, д. 48, 592558;09:00:00;21:00:00;+73511383610
ст. Усть-Камчатск, ул. Карла Либкнехта, д. 56, 608810;09:00:00;21:00:00;8 463 304 30 52
клх Россошь, ул. Нахимова, д. 89, 431796;08:30:00;20:30:00;+7 814 381 7423
ст. Северодвинск, ул. Азина, д. 88, 662276;08:30:00;20:30:00;+78486142403
с. Юровск, ул. Пирогова, д. 29, 835974;09:00:00;21:00:00;+7 (902) 385-2681
к. Касимов, ул. Чернышевского, д. 39, 153625;08:30:00;20:30:00;8 939 233 5825
г. Нижний Новгород, ул. Балтийская, д. 31, 125725;09:00:00;21:00:00;+7 666 473 0681
д. Ивдель, ул. Гоголя, д. 10, 257016;09:00:00;21:00:00;+7 434 538 4527
к. Ростов-на-Дону, ул. Кузнецкая, д. 01, 297636;09:00:00;21:00:00;87714060589
г. Белоярский, ул. Угольная, д. 40, 895323;08:30:00;20:30:00;+72311055012
ст. Кириши, ул. Союзная, д. 73, 254733;09:00:00;21:00:00;8 216 133 4158
д. Усть-Кут, ул. Хуторская, д. 51, 838104;08:00:00;20:00:00;8 210 715 32 36
д. Вязьма, ул. Красная, д. 61, 260484;09:00:00;21:00:00;+7 (868) 056-81-99
к. Минеральные Воды, ул. Песчаная, д. 71, 662897;09:00:00;21:00:00;+7 383 678 29 28
ст. Сочи, ул. Димитрова, д. 40, 576063;08:30:00;20:30:00;8 766 180 4449
ст. Псков, ул. Металлистов, д. 21, 384757;08:30:00;20:30:00;8 946 441 4710
к. Мыс Шмидта, ул. Покровская, д. 86, 818524;08:00:00;20:00:00;+7 (633) 673-1500
клх Чехов, ул. Черняховского, д. 78, 969873;08:00:00;20:00:00;8 (485) 336-78-05
с. Неплюевка, ул. Геологов, д. 60, 511372;08:00:00;20:00:00;8 (336) 164-5368
с. Байкальск, ул. Ильича, д. 45, 611446;09:00:00;21:00:00;85463771927
д. Катайск, ул. Коммунистическая, д. 11, 443401;08:00:00;20:00:00;8 (367) 429-59-59
с. Чебоксары, ул. Пирогова, д. 04, 921753;08:00:00;20:00:00;8 (205) 959-72-19
п. Соликамск, ул. Заречная, д. 03, 563089;09:00:00;21:00:00;+7 (921) 435-1280
ст. Муравленко, ул. Ленинская, д. 29, 711907;08:00:00;20:00:00;81698303143
г. Горно-Алтайск, ул. Главная, д. 65, 122226;08:00:00;20:00:00;88692917490
с. Лабинск, ул. Гастелло, д. 00, 685640;08:30:00;20:30:00;+71509811213
ст. Красновишерск, ул. Полевая, д. 82, 442030;08:30:00;20:30:00;+7 660 263 7204
д. Белоярский, ул. Волочаевская, д. 06, 296868;08:30:00;20:30:00;+76500138112
клх Усмань, ул. Кирпичная, д. 28, 081381;08:30:00;20:30:00;+7 925 410 0035
клх Кош-Агач, ул. Лесхозная, д. 18, 873053;08:30:00;20:30:00;+7 339 705 8790
ст. Рязань, ул. Омская, д. 14, 560797;08:30:00;20:30:00;+7 (448) 775-9104
д. Бреды, ул. Толстого, д. 02, 472207;08:30:00;20:30:00;8 460 184 6099
к. Архыз, ул. Семашко, д. 86, 194685;08:30:00;20:30:00;8 715 235 4830
с. Якша, ул. Высокая, д. 64, 567734;08:00:00;20:00:00;8 (692) 864-57-87
г. Южно-Сахалинск, ул. Садовая, д. 18, 855462;08:00:00;20:00:00;89102803129
г. Черемхово, ул. Черняховского, д. 85, 087146;08:30:00;20:30:00;8 (320) 877-68-69
ст. Пенза, ул. Жданова, д. 33, 877801;08:30:00;20:30:00;+7 774 525 61 03
ст. Курган, ул. Невского, д. 54, 107716;08:30:00;20:30:00;8 (598) 748-6092
п. Юровск, ул. Воровского, д. 10, 480091;08:00:00;20:00:00;+78059045373
п. Кисловодск, ул. Кутузова, д. 03, 245663;08:30:00;20:30:00;+7 (302) 232-6478
ст. Белгород, ул. Матросова, д. 18, 776911;08:30:00;20:30:00;8 (283) 433-4765
к. Добрянка, ул. Осипенко, д. 16, 393805;08:30:00;20:30:00;+7 935 822 1886
с. Кириши, ул. Станиславского, д. 52, 036984;09:00:00;21:00:00;+7 123 565 88 68
ст. Тихорецк, ул. Безымянная, д. 07, 927054;08:00:00;20:00:00;+7 963 993 0594
ст. Нарткала, ул. Крылова, д. 92, 451558;08:30:00;20:30:00;+7 340 943 52 04
с. Мостовской, ул. Клары Цеткин, д. 35, 262128;08:00:00;20:00:00;+7 (725) 234-8588
д. Лянтор, ул. Космическая, д. 14, 389677;09:00:00;21:00:00;+7 (008) 380-6123
п. Краснокамск, ул. Хвойная, д. 98, 158051;08:00:00;20:00:00;+7 (034) 535-14-43
с. Истра, ул. Куйбышева, д. 45, 809845;08:30:00;20:30:00;+7 854 978 7567
к. Иваново, ул. Абрикосовая, д. 09, 125397;08:30:00;20:30:00;8 178 127 05 74
ст. Асбест, ул. Радужная, д. 98, 267196;09:00:00;21:00:00;+7 (421) 473-66-24
п. Гагарин, ул. Высотная, д. 82, 895396;09:00:00;21:00:00;8 (728) 507-40-71
к. Соловки, ул. Никитина, д. 34, 602089;08:30:00;20:30:00;8 079 473 3573
с. Кетченеры, ул. Хвойная, д. 79, 008355;08:30:00;20:30:00;83446040801
д. Лесной (Сверд.), ул. Леонова, д. 62, 222787;09:00:00;21:00:00;+7 439 388 6414
г. Бийск, ул. Цветочная, д. 54, 940639;08:30:00;20:30:00;+7 (675) 357-38-59
к. Шелагонцы, ул. Макаренко, д. 09, 288870;08:30:00;20:30:00;+7 (575) 405-18-97
с. Ясный (Оренб.), ул. Маркса Карла, д. 35, 593278;08:30:00;20:30:00;8 (121) 369-7430
д. Бронницы, ул. Пархоменко, д. 06, 011939;08:30:00;20:30:00;81114480555
ст. Городовиковск, ул. Енисейская, д. 40, 355039;08:00:00;20:00:00;+7 (058) 816-72-97
клх Ессентуки, ул. Солнечная, д. 85, 868175;08:00:00;20:00:00;+7 844 553 78 15
ст. Томпа, ул. Маяковского, д. 77, 885230;08:30:00;20:30:00;8 (204) 960-0142
с. Поярково, ул. Восточная, д. 64, 330263;09:00:00;21:00:00;8 (644) 245-84-06
п. Тихорецк, ул. Строительная, д. 58, 824342;08:00:00;20:00:00;+7 (806) 395-0240
клх Верхнее Пенжино, ул. Победы, д. 25, 365791;08:00:00;20:00:00;8 981 923 61 68
п. Магас, ул. Социалистическая, д. 87, 340884;09:00:00;21:00:00;8 518 900 82 15
клх Волхов, ул. Трудовая, д. 16, 344005;08:00:00;20:00:00;84803469191
д. Королев, ул. Мусы Джалиля, д. 74, 822617;08:30:00;20:30:00;+7 521 555 7437
д. Шерегеш, ул. Прохладная, д. 19, 939360;08:30:00;20:30:00;8 (405) 012-84-57
с. Юрьев-Польский, ул. Жуковского, д. 10, 933950;08:00:00;20:00:00;+7 515 894 58 84
ст. Мыс Шмидта, ул. Глинки, д. 17, 573697;08:00:00;20:00:00;81739415921
клх Лабинск, ул. Осипенко, д. 91, 834065;09:00:00;21:00:00;8 637 705 0721
к. Выборг, ул. Есенина, д. 83, 450203;08:00:00;20:00:00;+7 658 867 87 34
клх Бийск, ул. Коллективная, д. 76, 519515;08:30:00;20:30:00;+7 198 929 09 64
клх Соловки, ул. Авиационная, д. 21, 537663;08:00:00;20:00:00;8 341 056 21 17
п. Карабулак, ул. Казанская, д. 46, 786270;08:30:00;20:30:00;+7 055 992 8649
клх Холмогоры, ул. Рязанская, д. 97, 723904;09:00:00;21:00:00;8 (030) 108-86-58
с. Братск, ул. Рабочая, д. 26, 643996;08:00:00;20:00:00;+7 (304) 552-13-69
п. Онега, ул. Шолохова, д. 61, 322087;08:00:00;20:00:00;8 (286) 834-4629
к. Малая Вишера, ул. Дарвина, д. 38, 613975;08:30:00;20:30:00;8 449 872 48 20
клх Малгобек, ул. Луговая, д. 41, 606664;09:00:00;21:00:00;+7 901 823 23 67
д. Любань, ул. Морозова, д. 48, 346385;08:00:00;20:00:00;8 027 534 5725
д. Белый Яр (Томск.), ул. Репина, д. 31, 102807;09:00:00;21:00:00;+7 426 201 6361
с. Ряжск, ул. Балтийская, д. 55, 667689;08:30:00;20:30:00;+7 (124) 368-0727
клх Шатки, ул. Разина, д. 54, 336684;08:30:00;20:30:00;8 (631) 284-24-03
к. Певек, ул. Волкова, д. 27, 017879;09:00:00;21:00:00;+7 954 363 25 44
г. Курильск, ул. Терешковой, д. 49, 502386;08:30:00;20:30:00;8 (648) 075-1285
г. Нижнеудинск, ул. Крымская, д. 39, 016509;08:00:00;20:00:00;+7 728 595 89 45
п. Голицыно, ул. Народная, д. 80, 896794;08:30:00;20:30:00;+7 (969) 567-2345
с. Нижневартовск, ул. Лесная, д. 00, 578520;09:00:00;21:00:00;+7 641 992 52 56
ст. Джейрах, ул. Авиационная, д. 22, 636149;08:00:00;20:00:00;8 (466) 132-97-02
к. Приозерск, ул. Карьерная, д. 39, 865866;09:00:00;21:00:00;85136076114
с. Тымовское, ул. Щетинкина, д. 92, 732089;08:00:00;20:00:00;+7 (238) 893-3711
с. Енисейск, ул. Тупиковая, д. 55, 401487;09:00:00;21:00:00;8 121 979 5092
к. Раменское, ул. Высоковольтная, д. 32, 511642;08:30:00;20:30:00;86910680618
д. Ербогачен, ул. Пархоменко, д. 20, 101424;08:30:00;20:30:00;+70548823307
к. Невьянск, ул. Стадионная, д. 53, 148495;08:30:00;20:30:00;+7 363 803 2814
г. Корсаков, ул. Пушкина, д. 85, 717566;08:30:00;20:30:00;8 (631) 679-7537
д. Оренбург, ул. Некрасова, д. 83, 686180;09:00:00;21:00:00;+75336202332
ст. Кулу, ул. Лесхозная, д. 61, 315017;08:30:00;20:30:00;+7 (844) 693-12-14
ст. Ржев, ул. Пархоменко, д. 23, 940297;08:30:00;20:30:00;+7 (157) 645-74-39
к. Таганрог, ул. Народная, д. 82, 933946;08:30:00;20:30:00;+7 997 018 77 80
клх Тикси, ул. Рабочая, д. 81, 595283;08:30:00;20:30:00;+7 216 096 79 43
клх Тарко-Сале, ул. Поселковая, д. 35, 118566;08:30:00;20:30:00;82917644605
г. Тобольск, ул. Краснознаменная, д. 54, 630624;08:30:00;20:30:00;88047787024
к. Певек, ул. Орджоникидзе, д. 09, 772175;08:30:00;20:30:00;+7 (610) 568-81-22
клх Новороссийск, ул. Школьная, д. 41, 941227;08:30:00;20:30:00;8 (255) 689-0693
с. Белогорск (Амур.), ул. Белинского, д. 80, 318415;08:00:00;20:00:00;+7 729 882 3820
п. Каргополь, ул. Тульская, д. 47, 411846;09:00:00;21:00:00;+7 (977) 026-3273
клх Мелеуз, ул. Ручейная, д. 74, 689264;09:00:00;21:00:00;86558643021
д. Калач-на-Дону, ул. Виноградная, д. 19, 794317;08:00:00;20:00:00;8 460 652 5896
п. Цимлянск, ул. Ушакова, д. 43, 136584;08:30:00;20:30:00;+7 (572) 742-3023
г. Ижевск, ул. Колхозная, д. 20, 302506;09:00:00;21:00:00;8 (692) 220-0380
с. Лагань, ул. Космическая, д. 28, 415359;09:00:00;21:00:00;+7 (622) 384-3621
ст. Анапа, ул. Рябиновая, д. 72, 577783;08:30:00;20:30:00;+7 (502) 544-46-78
клх Сортавала, ул. 60 лет СССР, д. 09, 409214;08:00:00;20:00:00;+7 019 059 5212
с. Магнитогорск, ул. Гончарова, д. 07, 071284;09:00:00;21:00:00;8 246 115 70 80
д. Тверь, ул. Приозерная, д. 22, 804664;08:00:00;20:00:00;8 (128) 827-72-18
п. Калевала, ул. Инженерная, д. 72, 227704;09:00:00;21:00:00;+7 593 660 0748
г. Благовещенск (Амур.), ул. Толстого, д. 89, 959390;08:30:00;20:30:00;8 214 405 5148
д. Октябрьское (Челяб.), ул. Учительская, д. 27, 397000;08:30:00;20:30:00;+7 323 511 81 14
д. Алексин, ул. Морозова, д. 39, 453780;08:30:00;20:30:00;+7 (995) 431-0990
п. Беломорск, ул. Волкова, д. 24, 162601;09:00:00;21:00:00;8 461 447 6127
клх Завьялиха, ул. Карбышева, д. 13, 917883;08:30:00;20:30:00;+77659118708
к. Шереметьево, ул. Черемуховая, д. 38, 104881;08:30:00;20:30:00;+79153610091
п. Каменск-Шахтинский, ул. Путейская, д. 87, 662351;08:00:00;20:00:00;+7 (544) 232-7988
г. Красноселькуп, ул. Калинина, д. 25, 359126;08:30:00;20:30:00;8 (257) 023-8381
г. Октябрьское (Челяб.), ул. Ленинградская, д. 11, 328207;09:00:00;21:00:00;8 900 443 18 76
ст. Усть-Катав, ул. Базарная, д. 62, 572093;08:30:00;20:30:00;+74822151144
г. Середниково, ул. Морская, д. 40, 554748;09:00:00;21:00:00;+7 (302) 195-2072
г. Светлогорск (Калин.), ул. Механизаторов, д. 35, 318684;09:00:00;21:00:00;8 (366) 336-74-63
г. Ханты-Мансийск, ул. Российская, д. 39, 243606;08:00:00;20:00:00;+7 462 587 73 11
г. Псков, ул. Азовская, д. 67, 110235;08:30:00;20:30:00;+7 905 645 1856
с. Мураши, ул. Гаражная, д. 64, 272044;08:30:00;20:30:00;89962248995
д. Сосьва (Хант.), ул. Учительская, д. 66, 471268;08:30:00;20:30:00;+7 288 166 80 69
ст. Избербаш, ул. Песочная, д. 30, 896651;09:00:00;21:00:00;+7 438 881 91 85
ст. Гусь-Хрустальный, ул. Отрадная, д. 67, 915778;08:30:00;20:30:00;+7 947 502 0470
г. Химки, ул. Жукова, д. 17, 319701;08:00:00;20:00:00;+7 767 374 46 66
ст. Печенга, ул. Новгородская, д. 78, 402074;08:30:00;20:30:00;8 587 373 01 95
ст. Зеленогорск (Ленин.), ул. Сосновая, д. 11, 900453;09:00:00;21:00:00;8 212 913 04 07
г. Витим, ул. Крестьянская, д. 65, 422916;08:30:00;20:30:00;+7 (744) 506-6551
к. Ясный (Оренб.), ул. Харьковская, д. 45, 206064;08:00:00;20:00:00;8 396 882 99 42
клх Усть-Ордынский, ул. Гвардейская, д. 94, 422247;08:30:00;20:30:00;+78571682737
к. Поронайск, ул. Моховая, д. 06, 623356;08:00:00;20:00:00;+7 252 433 18 75
г. Моздок, ул. Ворошилова, д. 34, 443011;08:00:00;20:00:00;+7 898 608 5771
ст. Таштагол, ул. Карла Либкнехта, д. 01, 243059;09:00:00;21:00:00;+7 (275) 975-54-71
г. Орел, ул. Союзная, д. 83, 813912;09:00:00;21:00:00;+7 612 430 4494
клх Когалым, ул. Заовражная, д. 86, 977487;08:30:00;20:30:00;8 308 783 2602
клх Октябрьский (Башк.), ул. 40 лет Октября, д. 84, 039110;09:00:00;21:00:00;+7 630 098 3339
с. Абинск, ул. Короленко, д. 55, 492044;08:30:00;20:30:00;8 489 038 7319
г. Кудымкар, ул. Омская, д. 46, 832857;08:00:00;20:00:00;+7 (739) 024-88-02
г. Майкоп, ул. Чайковского, д. 43, 031459;08:00:00;20:00:00;+7 (902) 685-58-10
ст. Нарым, ул. Тенистая, д. 59, 778118;09:00:00;21:00:00;+7 419 732 31 52
клх Моздок, ул. Нижняя, д. 82, 641325;08:00:00;20:00:00;8 (247) 797-3291
к. Горно-Алтайск, ул. Розы Люксембург, д. 90, 878907;09:00:00;21:00:00;+7 049 898 4331
г. Псебай, ул. Одесская, д. 83, 281449;08:00:00;20:00:00;+7 (516) 377-66-12
п. Междуреченский, ул. Павлика Морозова, д. 78, 354123;08:30:00;20:30:00;8 449 872 8302
клх Благовещенск (Амур.), ул. Николаева, д. 40, 191317;09:00:00;21:00:00;8 590 425 55 55
к. Моршанск, ул. Воронежская, д. 10, 217703;08:00:00;20:00:00;+7 503 610 9225
г. Шатой, ул. Болотная, д. 73, 443904;08:30:00;20:30:00;80982925355
клх Благовещенск (Амур.), ул. Звездная, д. 97, 324585;09:00:00;21:00:00;+7 (390) 827-99-19
клх Белореченск, ул. Флотская, д. 08, 406049;09:00:00;21:00:00;+7 455 819 17 70
п. Ханты-Мансийск, ул. Приморская, д. 14, 980169;08:00:00;20:00:00;8 305 891 45 47
г. Старая Русса, ул. Болотная, д. 03, 659662;09:00:00;21:00:00;+7 150 996 9920
п. Сузун, ул. Интернациональная, д. 76, 028656;08:30:00;20:30:00;+7 (508) 386-6991
к. Арзамас, ул. Достоевского, д. 13, 115750;08:30:00;20:30:00;+7 (595) 445-96-83
с. Краснодар, ул. Советской Армии, д. 14, 663795;09:00:00;21:00:00;8 534 333 4949
г. Карачаевск, ул. Журавлева, д. 84, 028669;08:00:00;20:00:00;+7 456 892 83 75
г. Гатчина, ул. Журавлева, д. 81, 354606;09:00:00;21:00:00;+7 (795) 601-9593
г. Енисейск, ул. Ушакова, д. 31, 152508;08:00:00;20:00:00;+7 (387) 848-88-38
к. Сергиев Посад, ул. Специалистов, д. 93, 275972;09:00:00;21:00:00;8 894 434 29 69
г. Яхрома, ул. Лесозаводская, д. 32, 867386;09:00:00;21:00:00;8 985 152 8690
клх Бодайбо, ул. Таежная, д. 53, 093463;08:00:00;20:00:00;+72222834865
г. Гусь-Хрустальный, ул. 1 Мая, д. 16, 658881;08:30:00;20:30:00;8 (531) 805-43-57
г. Горячинск, ул. Леваневского, д. 85, 589945;08:00:00;20:00:00;8 173 032 01 95
п. Серов, ул. Королева, д. 30, 346036;08:00:00;20:00:00;+7 (041) 251-2719
д. Тобольск, ул. Деповская, д. 34, 617231;08:00:00;20:00:00;+7 (555) 354-2920
клх Ноябрьск, ул. Журавлева, д. 12, 754856;08:00:00;20:00:00;+78299760410
п. Чегем, ул. Плеханова, д. 21, 234035;08:00:00;20:00:00;8 175 885 4037
к. Сузун, ул. Тамбовская, д. 74, 946272;09:00:00;21:00:00;+7 (332) 532-53-47
г. Александров, ул. Менделеева, д. 40, 746543;08:00:00;20:00:00;8 (998) 513-07-37
п. Глазов, ул. Кочубея, д. 10, 426086;08:00:00;20:00:00;8 (113) 139-79-82
ст. Нижний Тагил, ул. Аэродромная, д. 48, 076749;08:30:00;20:30:00;+7 171 796 5032
д. Новый Оскол, ул. Химиков, д. 81, 003188;09:00:00;21:00:00;8 591 696 9493
к. Алексин, ул. Космическая, д. 90, 138683;08:00:00;20:00:00;8 680 688 53 68
г. Хоста, ул. Береговая, д. 95, 461806;09:00:00;21:00:00;8 (870) 506-59-79
п. Лысьва, ул. Шолохова, д. 10, 844472;09:00:00;21:00:00;+7 (552) 790-1973
к. Лодейное Поле, ул. Партизанская, д. 51, 567416;09:00:00;21:00:00;8 (678) 279-02-98
клх Ржев, ул. Суворова, д. 14, 144331;09:00:00;21:00:00;8 534 922 8225
клх Рязань, ул. Набережная, д. 83, 395632;09:00:00;21:00:00;8 (572) 651-5406
г. Воркута, ул. Хвойная, д. 60, 996205;08:30:00;20:30:00;+7 (694) 938-20-97
клх Хатанга, ул. Отрадная, д. 22, 171810;08:00:00;20:00:00;8 (600) 428-80-71
к. Гаврилов-Ям, ул. Р.Люксембург, д. 37, 052544;09:00:00;21:00:00;8 097 177 9114
к. Шуя, ул. Шахтерская, д. 19, 289684;09:00:00;21:00:00;8 (365) 692-95-83
д. Ахтубинск, ул. Лермонтова, д. 98, 298657;09:00:00;21:00:00;+7 459 977 9585
г. Сковородино, ул. Механизаторов, д. 77, 624402;09:00:00;21:00:00;+7 (629) 377-10-19
д. Белокуриха, ул. Енисейская, д. 90, 347451;08:30:00;20:30:00;84485441672
клх Северодвинск, ул. Каштановая, д. 14, 966174;09:00:00;21:00:00;+78975750545
г. Гатчина, ул. Торговая, д. 23, 555136;09:00:00;21:00:00;8 770 579 77 47
к. Малоярославец, ул. Одесская, д. 25, 432661;09:00:00;21:00:00;+7 394 458 71 91
п. Тайшет, ул. Литейная, д. 62, 061319;09:00:00;21:00:00;+7 398 642 32 21
г. Шелехов, ул. Рябиновая, д. 42, 771469;09:00:00;21:00:00;+77057807749
г. Шамары, ул. Ольховая, д. 63, 260756;08:00:00;20:00:00;+7 086 359 2064
к. Шуя, ул. Коллективная, д. 37, 559432;08:30:00;20:30:00;+72186486434
клх Чайковский, ул. Астраханская, д. 08, 378815;08:30:00;20:30:00;+7 (532) 341-61-03
г. Диксон, ул. Сурикова, д. 75, 186666;08:30:00;20:30:00;+7 072 491 80 57
г. Братск, ул. Ручейная, д. 70, 221759;08:00:00;20:00:00;+7 (886) 045-5078
ст. Назрань, ул. Аэродромная, д. 81, 908107;08:30:00;20:30:00;+7 (846) 376-64-33
к. Урус-Мартан, ул. Ворошилова, д. 96, 309661;08:30:00;20:30:00;80509372825
д. Архыз, ул. Московская, д. 07, 397954;08:30:00;20:30:00;+75495639887
с. Середниково, ул. Боровая, д. 29, 295634;09:00:00;21:00:00;+79014373058
г. Усть-Камчатск, ул. Революции, д. 85, 910158;08:30:00;20:30:00;8 (774) 230-3270
ст. Ревда (Сверд.), ул. Курортная, д. 83, 431868;08:30:00;20:30:00;+7 (787) 314-71-87
п. Моршанск, ул. 50 лет ВЛКСМ, д. 00, 113010;08:30:00;20:30:00;8 609 082 42 72
п. Брянск, ул. Курортная, д. 83, 791354;09:00:00;21:00:00;+7 760 086 17 91
г. Нальчик, ул. Смирнова, д. 88, 935768;08:00:00;20:00:00;+7 (424) 343-0082
г. Листвянка (Иркут.), ул. Седова, д. 61, 232413;08:00:00;20:00:00;8 788 478 1429
п. Костомукша, ул. Одесская, д. 33, 108618;08:30:00;20:30:00;81281549986
с. Борзя, ул. Школьная, д. 85, 730839;09:00:00;21:00:00;+7 (353) 975-63-72
д. Вытегра, ул. Южная, д. 98, 290234;09:00:00;21:00:00;88574220474
п. Далматово, ул. Красных Партизан, д. 50, 161401;08:00:00;20:00:00;+7 (365) 858-4202
д. Яшкуль, ул. Энгельса, д. 33, 443923;09:00:00;21:00:00;8 131 012 6591
к. Норильск, ул. Крупской, д. 03, 682401;08:30:00;20:30:00;8 (711) 963-7263
г. Кимры, ул. Некрасова, д. 21, 378568;09:00:00;21:00:00;8 (097) 343-4054
к. Бронницы, ул. Новосельская, д. 96, 771723;08:30:00;20:30:00;8 209 004 64 65
с. Подольск, ул. Льва Толстого, д. 67, 991953;08:30:00;20:30:00;+7 (638) 648-7217
д. Самара, ул. Придорожная, д. 78, 940044;08:30:00;20:30:00;+76063556294
клх Камышлов, ул. Черноморская, д. 53, 072224;09:00:00;21:00:00;8 (639) 732-4037
д. Курумкан, ул. Докучаева, д. 03, 603584;08:30:00;20:30:00;85712859643
к. Североморск, ул. Матросова, д. 53, 938517;08:00:00;20:00:00;+7 (059) 364-8001
д. Саранск, ул. Большая, д. 02, 314700;09:00:00;21:00:00;+7 640 098 6155
к. Калевала, ул. Московская, д. 26, 869753;08:00:00;20:00:00;+7 (280) 208-9660
клх Муром, ул. Кирпичная, д. 81, 401619;08:30:00;20:30:00;+7 478 829 17 69
ст. Ачхой Мартан, ул. Покровская, д. 48, 552071;08:00:00;20:00:00;+76344528097
ст. Жиганск, ул. Карла Либкнехта, д. 16, 794274;08:30:00;20:30:00;+7 243 331 99 86
д. Пятигорск, ул. Строителей, д. 48, 036215;08:00:00;20:00:00;+7 322 213 7786
клх Чусовой, ул. Тургенева, д. 71, 505393;08:30:00;20:30:00;+7 475 449 09 61
г. Бодайбо, ул. Азина, д. 16, 104414;09:00:00;21:00:00;8 (105) 385-64-72
п. Палана, ул. Карла Маркса, д. 58, 165796;08:00:00;20:00:00;+7 776 412 38 49
г. Киржач, ул. Матросова, д. 10, 604004;08:30:00;20:30:00;8 (116) 481-80-05
д. Чусовой, ул. Красных Партизан, д. 67, 004521;08:00:00;20:00:00;+7 (317) 266-6343
д. Кош-Агач, ул. Ангарская, д. 10, 255397;09:00:00;21:00:00;+7 598 707 82 03
г. Урус-Мартан, ул. Демьяна Бедного, д. 79, 938833;09:00:00;21:00:00;8 (398) 646-8649
к. Горячий Ключ, ул. Достоевского, д. 25, 906063;09:00:00;21:00:00;8 106 891 20 41
с. Красноуфимск, ул. Ивановская, д. 59, 108856;08:30:00;20:30:00;+7 (524) 595-5031
клх Калевала, ул. ДОС, д. 72, 233279;08:30:00;20:30:00;87633694807
д. Мурманск, ул. Малая, д. 22, 173454;09:00:00;21:00:00;+73143161562
с. Тында, ул. Профсоюзная, д. 96, 746041;08:30:00;20:30:00;+7 065 130 0426
п. Кировск (Ленин.), ул. Шишкина, д. 68, 498242;09:00:00;21:00:00;+7 (208) 905-13-24
д. Лотошино, ул. Осенняя, д. 09, 051772;08:30:00;20:30:00;+71066160181
ст. Джубга, ул. Геологов, д. 04, 352733;09:00:00;21:00:00;8 (417) 323-18-55
ст. Валдай, ул. Ушакова, д. 63, 187983;08:30:00;20:30:00;+7 083 701 8087
ст. Тутончаны, ул. Серова, д. 30, 424074;08:00:00;20:00:00;+75718512330
ст. Урюпинск, ул. Тамбовская, д. 46, 466150;08:30:00;20:30:00;+7 (406) 335-27-11
д. Нижнеудинск, ул. Новгородская, д. 50, 245496;08:30:00;20:30:00;+71019747662
к. Партизанск, ул. Балтийская, д. 68, 323129;08:30:00;20:30:00;+7 782 174 62 37
с. Королев, ул. Шевченко, д. 75, 817518;08:00:00;20:00:00;8 (754) 709-0933
п. Каргополь, ул. Краснопартизанская, д. 85, 313692;08:00:00;20:00:00;8 911 805 53 83
к. Кисловодск, ул. Привокзальная, д. 21, 940458;08:00:00;20:00:00;+7 (928) 075-6347
с. Междуреченский, ул. Дорожников, д. 53, 278542;09:00:00;21:00:00;83715567649
д. Дагомыс, ул. Амурская, д. 10, 047059;08:00:00;20:00:00;8 592 834 0473
п. Якутск, ул. Труда, д. 50, 471819;08:00:00;20:00:00;8 943 345 15 24
с. Ухта, ул. Загородная, д. 54, 115176;08:30:00;20:30:00;+7 400 481 6656
п. Октябрьское (Челяб.), ул. Мостовая, д. 24, 923756;08:30:00;20:30:00;8 259 946 4114
клх Орехово-Зуево, ул. Троицкая, д. 39, 622077;08:30:00;20:30:00;8 048 583 4607
с. Бавлы, ул. 40 лет Победы, д. 45, 557183;09:00:00;21:00:00;+7 758 355 83 64
д. Хасан, ул. Северная, д. 87, 871518;09:00:00;21:00:00;8 460 403 4099
клх Печора, ул. Победы, д. 66, 389780;08:30:00;20:30:00;8 007 869 80 19
ст. Углегорск, ул. Володарского, д. 65, 439574;08:00:00;20:00:00;+7 (549) 542-2396
клх Голицыно, ул. Воронежская, д. 41, 966012;08:30:00;20:30:00;+7 142 640 66 87
клх Нальчик, ул. К.Маркса, д. 73, 776695;08:30:00;20:30:00;+7 (087) 343-4077
д. Буденновск, ул. Тихая, д. 19, 864200;08:00:00;20:00:00;+7 (683) 028-6356
д. Архангельск, ул. Глинки, д. 25, 470432;09:00:00;21:00:00;+7 100 643 9528
д. Хатанга, ул. Рязанская, д. 32, 411532;08:00:00;20:00:00;+7 532 702 7788
к. Нарьян-Мар, ул. Тополиная, д. 65, 420338;09:00:00;21:00:00;8 (928) 452-30-24
с. Саянск, ул. Луговая, д. 47, 159142;09:00:00;21:00:00;+7 694 505 5589
г. Назрань, ул. Строителей, д. 64, 518746;09:00:00;21:00:00;8 (547) 349-95-98
п. Заводоуковск, ул. Советская, д. 09, 453309;08:00:00;20:00:00;+71309965332
с. Невьянск, ул. Октября, д. 02, 560929;08:30:00;20:30:00;8 (350) 857-9037
клх Химки, ул. З.Космодемьянской, д. 44, 978612;08:00:00;20:00:00;+7 685 902 6634
г. Кашира, ул. Чкалова, д. 77, 233159;08:00:00;20:00:00;+71206191909
п. Малая Вишера, ул. Челюскинцев, д. 22, 601061;08:00:00;20:00:00;+7 (895) 086-07-86
клх Таганрог, ул. Тупиковая, д. 48, 658911;08:00:00;20:00:00;+7 (724) 874-8607
клх Ангарск, ул. Правды, д. 33, 507580;09:00:00;21:00:00;8 949 588 36 25
ст. Тура, ул. Автомобилистов, д. 71, 871983;09:00:00;21:00:00;88973775594
п. Ноябрьск, ул. 50 лет ВЛКСМ, д. 76, 956588;08:30:00;20:30:00;8 (438) 464-31-40
г. Звенигород, ул. Краснопартизанская, д. 79, 788911;08:00:00;20:00:00;8 503 914 18 21
д. Невинномысск, ул. Космодемьянской, д. 64, 723586;09:00:00;21:00:00;+7 804 591 1567
клх Сковородино, ул. Менделеева, д. 13, 086198;08:00:00;20:00:00;+7 503 672 9385
ст. Богучар, ул. Широкая, д. 53, 567466;08:30:00;20:30:00;+7 412 569 2020
д. Белоярский, ул. Луговая, д. 79, 508964;08:30:00;20:30:00;8 529 895 78 86
п. Верхоянск, ул. Приморская, д. 43, 798843;09:00:00;21:00:00;+7 (415) 883-9933
клх Камышлов, ул. Карла Либкнехта, д. 12, 187689;08:30:00;20:30:00;+7 (623) 601-5143
п. Валдай, ул. Озерная, д. 82, 999454;08:30:00;20:30:00;+77279949264
ст. Россошь, ул. Сенная, д. 45, 151993;08:00:00;20:00:00;8 (560) 900-27-22
ст. Железногорск(Курск.), ул. Герцена, д. 93, 525298;09:00:00;21:00:00;8 767 113 8523
г. Белокуриха, ул. О.Кошевого, д. 22, 905367;08:00:00;20:00:00;+7 (013) 364-0070
г. Середниково, ул. Титова, д. 76, 183766;09:00:00;21:00:00;8 (061) 386-77-65
к. Волгоград, ул. Гагарина, д. 02, 515444;08:00:00;20:00:00;8 322 106 98 45
